title,savedAt,query,language,article URL,main topic,stance / attitude towards,"Clickbaityness/credibility (0 is good, 1 is very bad)"
Fed interest rate decision today: Live updates on expected rate hike - USA TODAY,14/12/2022 18:11,,en,https://www.usatoday.com/story/money/economy/2022/12/14/fed-interest-rate-federal-reserve-meeting-live-updates/10867165002/,interest rate,2,0
Moscow police should hand over control of Idaho murder investigation: former FBI agent - New York Post ,14/12/2022 18:11,,en,https://nypost.com/2022/12/14/police-should-hand-idaho-murders-case-to-fbi-former-agent/,moscow police,2,0
World Cup 2022: Morocco fans' heartbreak as Doha flights cancelled - BBC,14/12/2022 18:11,,en,https://www.bbc.com/news/world-africa-63973938,World cup Morocco,2,0
"Scream 6 - Official Teaser Trailer (2023) Jenna Ortega, Melissa Barrera - IGN",14/12/2022 18:11,,en,https://www.youtube.com/watch?v=PesQLjkAEew,Scream 6,2,0
Mortgage demand inches higher as interest rates move lower - CNBC,14/12/2022 18:11,,en,https://www.cnbc.com/2022/12/14/mortgage-demand-inches-higher-as-interest-rates-move-lower-.html,interest rate,2,0
Sony and Nintendo's year in reviews reveal your top games of 2022 - Engadget,14/12/2022 18:11,,en,https://www.engadget.com/playstation-nintendo-year-in-review-tools-top-games-hours-logged-115542018.html,top games 2022,2,0
"Delta Air Lines raises Q4 earnings guidance, says 'momentum is building' - Yahoo Finance",14/12/2022 18:11,,en,https://finance.yahoo.com/news/delta-air-lines-raises-q-4-earnings-guidance-says-momentum-is-building-114623939.html,Delta Air Lines,3,0
At least four dead after boat capsizes in English Channel - CNN,14/12/2022 18:11,,en,https://www.cnn.com/2022/12/14/uk/english-channel-migrant-boat-deaths-intl-gbr/index.html,boat capsizes,2,0
"Carlos Correa signs with Giants: Star free agent lands in San Francisco on 13-year, $350 million contract - CBS Sports",14/12/2022 18:11,,en,https://www.cbssports.com/mlb/news/carlos-correa-signs-with-giants-star-free-agent-lands-in-san-francisco-on-13-year-350-million-contract/,Carlos Correa Giants,2,0
Jay Leno details how his 'face caught on fire' in first interview since accident - CNN,14/12/2022 18:11,,en,https://www.cnn.com/2022/12/13/entertainment/jay-leno-burn-accident-interview/index.html,Jay Leno fire,2,0
"The 7 things you need to know for Wednesday, December 14 - The Washington Post",14/12/2022 18:11,,en,https://www.washingtonpost.com/the-seven/2022/12/14/what-to-know-for-december-14/,Wednesday December 14,2,0.8
"Wonder Woman 3 director Patty Jenkins ‘never walked away’, Rogue Squadron still alive - Polygon",14/12/2022 18:11,,en,https://www.polygon.com/23508767/wonder-woman-3-patty-jenkins-cancellation-rogue-squadron-dc-studios,Rogue Squadron Jenkins,3,0.8
"Chiefs, Bills, Vikings, 49ers, Cowboys can all clinch playoff berths in Week 15 - NBC Sports",14/12/2022 18:11,,en,https://profootballtalk.nbcsports.com/2022/12/14/chiefs-bills-vikings-49ers-cowboys-can-all-clinch-playoff-berths-in-week-15/,NFL Sports,2,0
"Grant Wahl, journalist who died at World Cup, suffered aortic aneurysm, wife says - The Washington Post",14/12/2022 18:11,,en,https://www.washingtonpost.com/sports/2022/12/14/grant-wahl-cause-of-death/,World Cup journalist,2,0
New polls: Trump's 2024 bid has a growing DeSantis problem - Axios,14/12/2022 18:11,,en,https://www.axios.com/2022/12/14/trump-desantis-polls-republican-primary-2024,Trump,1,0.5
Indian and Chinese troops fight with sticks and bricks in video - CNN,14/12/2022 18:11,,en,https://www.cnn.com/2022/12/14/asia/india-china-border-tensions-video-intl-hnk/index.html,India China conflict,2,0
"Feldman: Mike Leach’s original, influential life and the roller coaster on which it sent me - The Athletic",14/12/2022 18:11,,en,https://theathletic.com/3998015/2022/12/13/mike-leach-career-book-bruce-feldman/,Feldman Mike Leach,2,0.8
Only iPhones that can’t run iOS 16 are getting new iOS 15 updates - Ars Technica,14/12/2022 18:11,,en,https://arstechnica.com/gadgets/2022/12/apple-releases-ios-15-security-updates-for-devices-that-cant-upgrade-to-16/,iPhones update,2,0
2022: A Year of Success - NASA,14/12/2022 18:11,,en,https://www.youtube.com/watch?v=FSJC7XvyMXY,NASA,3,0
Oregon Gov. Kate Brown commutes sentences of state's 17 death row inmates - Fox News,14/12/2022 18:11,,en,https://www.foxnews.com/us/oregon-gov-kate-brown-commutes-sentences-states-17-death-row-inmates,Oregon death row,1,0
Covid cases explode in Beijing leaving city streets empty and daily life disrupted - CNN,14/12/2022 18:11,,en,https://www.cnn.com/2022/12/14/china/beijing-zero-covid-easing-streets-impact-intl-hnk-mic/index.html,covid china,1,0
Maine Voices: Gun violence is neither far off nor impossible in our state - Press Herald,14/12/2022 18:11,,en,https://www.pressherald.com/2022/12/14/maine-voices-gun-violence-is-neither-far-off-nor-impossible-in-our-state/,Maine gun violence,1,0
Nasa mission will give unprecedented view of Earth’s surface water - The Guardian,14/12/2022 18:11,,en,https://www.theguardian.com/science/2022/dec/13/nasa-swot-satellite-radar-survey-launch,NASA,3,0.5
Mark your calendar for the strongest meteor shower of the year - CNN,14/12/2022 18:11,,en,https://www.cnn.com/2022/12/13/world/geminids-meteor-shower-december-scn/index.html,Meteor shower,2,0.5
"In a first, hear a Mars rover get hit by a 387-foot dust devil - The Washington Post",14/12/2022 18:11,,en,https://www.washingtonpost.com/science/2022/12/13/mars-rover-dust-devil/,Mars,2,0.5
Samsung Galaxy A71 5G gets Android 13 update - SamMobile - Samsung news,14/12/2022 18:11,,en,https://www.sammobile.com/news/galaxy-a71-5g-android-13-update-released/,Samsung A71 update,3,0
"ADA Advises New BP, Lipid Targets for People With Diabetes - Medscape",14/12/2022 18:11,,en,https://www.medscape.com/viewarticle/985482,ADA diabetes,2,0
"POTS, a debilitating heart condition, is linked to Covid and, to a lesser degree, vaccines - Yahoo! Voices",14/12/2022 18:11,,en,https://news.yahoo.com/pots-debilitating-heart-condition-linked-210458575.html,Covid POTS,2,0
"Covid-19 vaccines have saved more than 3 million lives in US, study says, but the fight isn't over - CNN",14/12/2022 18:11,,en,https://www.cnn.com/2022/12/13/health/covid-19-vaccines-study/index.html,Covid vaccines,3,0.3
U.S. lawmakers unveil bipartisan bid to ban China's TikTok - Reuters,14/12/2022 18:11,,en,https://www.reuters.com/world/us/us-lawmakers-unveil-bipartisan-bid-ban-chinas-tiktok-2022-12-13/,China TikTok,1,0
‘White Lotus’ Star Meghann Fahy Predicts What Happened on Daphne and Ethan’s ‘Sexual’ Rendezvous - Variety,14/12/2022 18:11,,en,https://variety.com/2022/tv/news/white-lotus-meghann-fahy-daphne-ethan-sex-1235459551/,White Lotus,2,1
Twitter suspends Elon Musk's jet tracker account - Axios,14/12/2022 22:43,,en,https://www.axios.com/2022/12/14/twitter-elon-musk-jet-tracker-account-suspended,Twitter Elon jet,2,0
Margot Robbie and Carey Mulligan on ‘Babylon’ Orgies and Why ‘Barbie’ Will Be ‘Everything You Dreamed Of’ - Variety,14/12/2022 22:43,,en,https://variety.com/2022/film/features/margot-robbie-carey-mulligan-babylon-orgies-barbie-teases-1235451458/,Robbie Mulligan Barbie,3,1
‘The Most Interesting Man Alive’: Stories About Mike Leach Paint His Life Picture - Sports Illustrated,14/12/2022 22:43,,en,https://www.si.com/college/2022/12/14/mike-leach-stories-mississippi-state-wazzu-legacy,Mike Leach,3,0.7
Severe storms with tornadoes have killed at least 2 and injured more than 2 dozen others in the South -- with more destruction possible today - CNN,14/12/2022 22:43,,en,https://www.cnn.com/2022/12/14/us/nationwide-massive-storm-tornadoes-wednesday/index.html,strom tornado South,2,0
Intermittent fasting can reverse type 2 diabetes in in MONTHS - Daily Mail,14/12/2022 22:43,,en,https://www.dailymail.co.uk/health/article-11538481/Intermittent-fasting-reverse-type-2-diabetes-MONTHS.html,intermittent fasting,3,0.5
U.S. Air Force veteran freed in Ukraine-Russia prisoner swap - Axios,14/12/2022 22:43,,en,https://www.axios.com/2022/12/14/air-force-veteran-prisoner-swap-ukraine-russia,Ukriane Russia prisoner,2,0
Ukraine War: US planning to send Patriot air defence missiles - BBC,14/12/2022 22:43,,en,https://www.bbc.com/news/world-us-canada-63977645,Ukraine Russia Patriot,2,0
Morocco vs. France: Outside Al Bayt stadium and FIFA Fan Zone in Doha ahead of World Cup semifinal - Associated Press,14/12/2022 22:43,,en,https://www.youtube.com/watch?v=Ug5kgrhNYQg,World Cup semifinal,2,0
Fantasy football rankings: 2022 NFL Week 15 projections from proven model that outperformed experts - SportsLine.com - SportsLine,14/12/2022 22:43,,en,https://www.sportsline.com/insiders/fantasy-football-rankings-2022-nfl-week-15-projections-from-proven-model-that-outperformed-experts/,NFL predictions,2,0.8
Elizabeth Warren unveils bipartisan bill to crack down on crypto money laundering - CNN,14/12/2022 22:43,,en,https://www.cnn.com/2022/12/14/business/elizabeth-warren-bipartisan-crypto-crackdown/index.html,crypto money laundering,1,0
'My fault alone': Jack Dorsey takes 'blame' for scandals revealed in 'Twitter Files' - New York Post ,14/12/2022 22:43,,en,https://nypost.com/2022/12/14/my-fault-alone-jack-dorsey-takes-blame-for-twitter-failures/,Twitter Files,2,0
Geminid meteor shower fast facts - Fox News,14/12/2022 22:43,,en,https://www.foxnews.com/science/geminid-meteor-shower-fast-facts,meteor shower,2,0.2
Fed Meeting: Get Ready For A Hawkish Surprise; S&P 500 Rally Faces Test - Investor's Business Daily,14/12/2022 22:43,,en,https://www.investors.com/news/economy/fed-meeting-soft-cpi-sets-stage-for-hawkish-surprise-sp-500/,interest rate,1,0.3
Ukraine war live updates: Russia says no 'Christmas ceasefire'; Blasts rock Kyiv as drones attack the capital - CNBC,14/12/2022 22:43,,en,https://www.cnbc.com/2022/12/14/ukraine-war-live-updates-latest-news-on-russia-and-the-war-in-ukraine.html,Russia Ukriane cheasefire,2,0
"Dr. Sanjay Gupta: After two years of Covid-19 vaccines, here's why they're still vital - CNN",14/12/2022 22:43,,en,https://www.cnn.com/2022/12/14/health/covid-vaccine-anniversary-gupta/index.html,Covid 19 vaccines,3,0.2
'Harry & Meghan' becomes Netflix's biggest-ever documentary debut - CNBC,14/12/2022 22:43,,en,https://www.cnbc.com/2022/12/14/harry-and-meghan-biggest-netflix-documentary-debut.html,Harry Meghan Netflix,3,0
DOE Mistakenly Sends Loan Forgiveness E-Mail To 9 Million People - CBS Miami,14/12/2022 22:43,,en,https://www.youtube.com/watch?v=cjHooIP_hzM,DOE loan forgiveness,2,0
"Fierce snow and dangerous travel conditions will impact millions as a massive, deadly storm that spawned tornadoes plows east - CNN",14/12/2022 22:43,,en,https://www.cnn.com/2022/12/14/weather/travel-conditions-winter-storm/index.html,dangerous travel conditions,2,0
'Shame on you': Club Q survivors blame GOP rhetoric for mass violence - CNN,14/12/2022 22:43,,en,https://www.cnn.com/2022/12/14/politics/club-q-survivors-hearing/index.html,Club Q GOP,1,0
Sandy Hook 10 years later: Grief remains but hope grows - WMUR Manchester,14/12/2022 22:43,,en,https://www.wmur.com/article/sandy-hook-shooting-10-years-later/42240837,Sandy Hook,2,0
First Thing: Ron DeSantis takes huge lead over Trump in Republican poll - The Guardian US,14/12/2022 22:43,,en,https://www.theguardian.com/us-news/2022/dec/14/first-thing-ron-desantis-takes-huge-lead-over-trump-in-republican-poll,DeSantis Trump poll,3,0
It's no great surprise that the European Parliament is engulfed in a corruption scandal - CNN,14/12/2022 22:43,,en,https://www.cnn.com/2022/12/14/europe/european-parliament-qatar-intl/index.html,European Parliament corruption,1,0.1
NASA's Artemis 1 Orion spacecraft reaches port in San Diego - Space.com,14/12/2022 22:43,,en,https://www.space.com/artemis-1-orion-capsule-reaches-port,NASA,2,0
Al Roker surprised by 'Today' after health scare: See the sweet moment - USA TODAY,14/12/2022 22:43,,en,https://www.usatoday.com/story/entertainment/celebrities/2022/12/14/al-roker-today-show-christmas-surprise/10895573002/,Al Roker health,2,0.8
"Super Nintendo World: Universal Studios Hollywood Sets Opening Date, Reveals New Interactive Elements - Deadline",14/12/2022 22:43,,en,https://deadline.com/2022/12/super-nintendo-world-opening-date-universal-studios-hollywood-1235198685/,Super Nintendo World,3,0
Microsoft Exec Says Xbox's Activision Deal Is Fair Because PlayStation Has Way More Exclusives - IGN,14/12/2022 22:43,,en,https://www.ign.com/articles/microsoft-exec-says-xboxs-activision-deal-is-fair-because-playstation-has-way-more-exclusives,Xbox Activision deal,3,0
"Congress reaches early deal to fund government, races to avert shutdown - The Washington Post",14/12/2022 22:43,,en,https://www.washingtonpost.com/us-policy/2022/12/13/congress-deal-spending-shutdown/,congress fund government,3,0
"Stephen 'tWitch' Boss, former 'Ellen DeGeneres Show' DJ, dies at 40 - FOX 32 Chicago",14/12/2022 22:43,,en,https://www.fox32chicago.com/news/stephen-twitch-boss-former-ellen-degeneres-show-dj-dies-reports,Stephen Boss dies,2,0
"Hong Kong stocks fall nearly 2%, leading losses in Asia after Fed's rate hike, signals more ahead - CNBC",15/12/2022 10:04,,en,https://www.cnbc.com/2022/12/15/asia-markets-fed-rate-decision.html,interest rate,1,0
iOS 16.3 and macOS Ventura 13.2 Betas Add Support for Physical Apple ID Security Keys - MacRumors,15/12/2022 10:04,,en,https://www.macrumors.com/2022/12/14/ios-16-3-beta-security-keys/,Apple update security,3,0
"UCLA Bruins vs. Maryland Terrapins Live Score and Stats - December 14, 2022 Gametracker - CBS Sports",15/12/2022 10:04,,en,https://www.cbssports.com/college-basketball/gametracker/recap/NCAAB_20221214_UCLA@MD/,NFL Sports,2,0
A Russian spacecraft started leaking uncontrollably on Wednesday night - Ars Technica,15/12/2022 10:04,,en,https://arstechnica.com/science/2022/12/a-russian-spacecraft-started-leaking-uncontrollably-on-monday-night/,spacecraft Russia leak,2,0
EXPLAINER: What can the Patriot missile do for Ukraine? - The Associated Press,15/12/2022 10:04,,en,https://apnews.com/b16125509161de8a7a3b4c38022534c7,US Ukraine Patriot,2,0
Suedi Murekezi: Russia frees US man in Ukraine prisoner swap - BBC,15/12/2022 10:04,,en,https://www.bbc.com/news/world-us-canada-63981510,Ukriane Russia prisoner,2,0
"Tornadoes leave a trail of destruction in Louisiana and the Southeast, killing at least 3, collapsing homes and knocking out power - CNN",15/12/2022 10:04,,en,https://www.cnn.com/2022/12/15/weather/nationwide-massive-storm-tornadoes-thursday/index.html,tornado South,2,0
Henry Cavill dropped as Superman after James Gunn announces new movie - The Guardian,15/12/2022 10:04,,en,https://www.theguardian.com/film/2022/dec/15/henry-cavill-dropped-as-superman-after-james-gunn-announces-new-movie,Superman Henry Cavill,2,0.1
UCLA Regents OK move to Big Ten Conference in 2024 - CBS Los Angeles,15/12/2022 10:04,,en,https://www.youtube.com/watch?v=DER_uHCJ-Ec,NFL Sports,2,0
"Justin Timberlake Reflects on “Heartbreaking” Death of Stephen “tWitch” Boss, Friend of 20 Years - E! NEWS",15/12/2022 10:04,,en,https://www.eonline.com/news/1358304/justin-timberlake-reflects-on-heartbreaking-death-of-stephen-twitch-boss-friend-of-20-years,Stephen Boss dies,1,0.4
Elon Musk sells another huge chunk of Tesla shares - CNBC,15/12/2022 10:04,,en,https://www.cnbc.com/2022/12/15/elon-musk-sells-another-huge-chunk-of-tesla-shares-.html,Tesla Musk sells,2,0.1
Arizona Assistant Coaches Took the Fall For Sean Miller - Sports Illustrated,15/12/2022 10:04,,en,https://www.si.com/college/2022/12/14/arizona-wildcats-assistant-coaches-took-fall-sean-miller-ncaa-iarp,Sports,2,0.2
Go to Mars without being there! Listen to dust devil sound captured by Perseverance Rover - HT Tech,15/12/2022 10:04,,en,https://tech.hindustantimes.com/tech/news/go-to-mars-without-being-there-listen-to-dust-devil-sound-captured-by-perseverance-rover-71671081707308.html,Mars,3,0.3
Let's a-go! Super Nintendo World sets Universal Studios opening date - The A.V. Club,15/12/2022 10:04,,en,https://www.avclub.com/super-nintendo-world-universal-studios-hollywood-opens-1849893923,Super Nintendo World,3,0.3
NASA spacecraft heads for the most volcanic place in the solar system - CNN,15/12/2022 10:04,,en,https://www.cnn.com/2022/12/14/world/nasa-juno-jupiter-io-exploration-scn/index.html,NASA volcanic,2,0.2
How to Watch Avatar: The Way of Water – Release Date and Streaming Status - IGN,15/12/2022 10:04,,en,https://www.ign.com/articles/how-to-watch-avatar-the-way-of-water-release-date-and-streaming-status,Avatar way water,2,0.3
Damaging tornado hits New Orleans for second time this year - The Washington Post,15/12/2022 10:04,,en,https://www.washingtonpost.com/weather/2022/12/14/tornado-new-orleans-storm-weather/,tornado South,2,0
Peru declares 30-day state of emergency amid protests at president’s arrest - The Guardian,15/12/2022 10:04,,en,https://www.theguardian.com/world/2022/dec/14/peru-state-emergency-pedro-castillo-protests,Peru protests,2,0
Survivor 43 winner revealed | EW.com - Entertainment Weekly News,15/12/2022 10:04,,en,https://ew.com/tv/survivor-43-winner-revealed/,Survivor 43,2,0.5
Dow Jones Futures: Fed Rate Hike Outlook Hits Market Rally; Elon Musk Sells More Tesla Stock | Investor's Business Daily - Investor's Business Daily,15/12/2022 10:04,,en,https://www.investors.com/market-trend/stock-market-today/dow-jones-futures-fed-rate-hike-outlook-hits-market-rally-elon-musk-sells-more-tesla-stock/,interest rate Tesla,2,0
"Tom Hanks was on Pelosi attack suspect hit list, court hears - BBC",15/12/2022 10:04,,en,https://www.bbc.com/news/world-us-canada-63981507,Pelosi attack Hanks,2,0
Biden warns there 'surely will be' another pandemic as he unveils US Africa aid - New York Post ,15/12/2022 10:04,,en,https://nypost.com/2022/12/14/biden-warns-surely-will-be-another-pandemic-as-he-unveils-us-aid-for-africa/,US Africa pandemic,2,0
"China's COVID spike not due to lifting of restrictions, WHO director says - Reuters",15/12/2022 10:04,,en,https://www.reuters.com/world/china/chinas-covid-spike-not-due-lifting-restrictions-who-director-2022-12-14/,China Covid,3,0
Tesla Model X and S Get Full Steam Integration - IGN,15/12/2022 10:04,,en,https://www.ign.com/articles/tesla-model-x-and-s-get-full-steam-integration,Tesla Steam integration,3,0
Lionel Messi confirms World Cup final will be his last ever game in the tournament - Daily Mail,15/12/2022 10:04,,en,https://www.dailymail.co.uk/sport/football/article-11538345/Lionel-Messi-confirms-Sundays-World-Cup-final-game-tournament.html,Messi World Cup,2,0
How Soon Lawmakers Could Ban TikTok In The United States - NBC News,15/12/2022 10:04,,en,https://www.youtube.com/watch?v=jRs39FxweJk,TikTok,1,0.2
What parents should know about Covid vaccine boosters for kids age 5 and under - CNN,15/12/2022 10:04,,en,https://www.cnn.com/2022/12/14/health/covid-bivalent-vaccine-young-children-wellness/index.html,Covid vaccines,2,0.2
"Idaho murders: Coroner weighs in on toxicology reports, describes her role in case - Fox News",15/12/2022 10:04,,en,https://www.foxnews.com/us/idaho-murders-coroner-weighs-toxicology-reports-describes-role-case,Idaho murders,2,0.1
"Azure Striker Gunvolt 3 version 2.0.0 update now available for PS5 and PS4, launches December 16 for Xbox Series, Xbox One, Switch, and PC - Gematsu",15/12/2022 10:05,,en,https://www.gematsu.com/2022/12/azure-striker-gunvolt-3-version-2-0-0-update-now-available-for-ps5-and-ps4-launches-december-16-for-xbox-series-xbox-one-switch-and-pc,Azure Striker Gunvolt,2,0
Guilty Gear Strive showcases incoming balance and mechanics changes in new special clips - EventHubs,15/12/2022 10:05,,en,https://www.eventhubs.com/news/2022/dec/14/guilty-gear-update-showcase/,Guilty Gear Strive,3,0.2
CD Projekt Red say they're working on fixes for The Witcher 3's PC update - Rock Paper Shotgun,15/12/2022 10:05,,en,https://www.rockpapershotgun.com/cd-projekt-red-say-theyre-working-on-fixes-for-the-witcher-3s-pc-update,Witcher 3 update,3,0
Apple’s Emergency SOS via satellite prompts rescue after car goes off a cliff north of LA - TechCrunch,15/12/2022 10:05,,en,https://techcrunch.com/2022/12/14/apples-emergency-sos-via-satellite-prompts-rescue-after-car-goes-off-a-cliff-north-of-la/,Apple emergency SOS,3,0
CNET's Editors' Choice Awards: The Best Products and Services for 2023 - CNET,15/12/2022 10:05,,en,https://www.cnet.com/tech/cnets-editors-choice-awards-the-best-products-and-services-for-2023/,CNET Choice Awards,3,0.2
"Call Of Duty: Season One Update Introduces Raids, Soccer, And A New Map - Kotaku",15/12/2022 10:05,,en,https://kotaku.com/call-of-duty-mw2-warzone-dmz-season-1-reloaded-raid-1849895383,Call of Duty,3,0
Ys Memoire: The Oath in Felghana announced for Switch - Gematsu,15/12/2022 10:05,,en,https://www.gematsu.com/2022/12/ys-memoire-the-oath-in-felghana-announced-for-switch,Switch Oath Felghana,3,0
"Ys X: Nordics Announced For Nintendo Switch, Launching In 2023 - Nintendo Life",15/12/2022 10:05,,en,https://www.nintendolife.com/news/2022/12/ys-x-nordics-announced-for-nintendo-switch-launching-in-2023,ys Noridcs Switch,3,0
PlayStation Plus Game Catalog and Classics Catalog lineup for December 2022 announced - Gematsu,15/12/2022 10:05,,en,https://www.gematsu.com/2022/12/playstation-plus-game-catalog-and-classics-catalog-lineup-for-december-2022-announced,PlayStation plus,2,0
Android Auto’s redesign is now available to cars with rotary input - 9to5Google,15/12/2022 10:05,,en,https://9to5google.com/2022/12/14/android-auto-redesign-rotary/,Android auto redesign,3,0
"Kazuya & Sephiroth amiibo Release 13th January, Pyra & Mythra Arrive In 2023 - Nintendo Life",15/12/2022 10:05,,en,https://www.nintendolife.com/news/2022/12/kazuya-and-sephiroth-amiibo-release-13th-january-pyra-and-mythra-arrive-in-2023,Nintendo,2,0
Getty Images watermark spotted in Crisis Core Final Fantasy 7 Reunion - Eurogamer.net,15/12/2022 10:05,,en,https://www.eurogamer.net/getty-images-watermark-spotted-in-crisis-core-final-fantasy-7-reunion,Final Fantasy 7,1,0
Fortnite developer Epic Games sued for ‘addicted’ game to children - The Washington Post,15/12/2022 10:05,,en,https://www.washingtonpost.com/nation/2022/12/14/fortnite-epic-games-lawsuit-addictive/,Fortnite,1,0
Poll: Rate Your Favourite Switch Games Of The Year 2022 - Nintendo Life,15/12/2022 10:05,,en,https://www.nintendolife.com/news/2022/12/poll-rate-your-favourite-switch-games-of-the-year-2022,Nintendo Switch games,2,0
Check out these images: new phone camera takes shockingly good DSLR-like photos impossible to capture on iPhone or Galaxy S23 Ultra - PhoneArena,15/12/2022 10:05,,en,https://www.phonearena.com/news/xiaomi-13-pro-telephoto-camera-closeup-focus_id144270,phone camera,2,0.8
Google announces its favorite Chrome extensions of the year - Android Authority,15/12/2022 10:05,,en,https://www.androidauthority.com/google-chrome-extensions-3251129/,Chrome extensions,2,0.1
Galaxy S23 gets closer to launch as it gains new certifications - SamMobile - Samsung news,15/12/2022 10:05,,en,https://www.sammobile.com/news/galaxy-s23-visits-nbtc-bis-certification/,S23,2,0.1
Harvest Moon: The Winds Of Anthos Is The Next Game In The Farm Sim Spin-Off Series - Nintendo Life,15/12/2022 10:05,,en,https://www.nintendolife.com/news/2022/12/harvest-moon-the-winds-of-anthos-is-the-next-game-in-the-farm-sim-spin-off-series,Harvest Moon,2,0
"Free Gran Turismo 7 Update 1.27 Adds Five Cars to PS5, PS4 and Norwegian Scapes - Push Square",15/12/2022 10:05,,en,https://www.pushsquare.com/news/2022/12/free-gran-turismo-7-update-1-27-adds-five-cars-to-ps5-ps4-and-norwegian-scapes,Gran Turismo 7,3,0
Google Docs rolling out code blocks for easier formatting and display - 9to5Google,15/12/2022 10:05,,en,https://9to5google.com/2022/12/14/google-docs-code-blocks/,Google Docs code,3,0
Baldur's Gate 3 early access to get paladin in maybe the last significant update before release - Eurogamer.net,15/12/2022 10:05,,en,https://www.eurogamer.net/baldurs-gate-3-early-access-to-get-paladin-in-maybe-the-last-significant-update-before-release,Buldur's gate 3,2,0
"Latest Hogwarts Legacy showcase reveals the Room of Requirement, battle arenas and broomstick flight - Wizarding World",15/12/2022 10:05,,en,https://www.wizardingworld.com/news/hogwarts-legacy-december-showcase-reveals-room-of-requirement-and-broom-flight,Hogwarts Legacy,2,0
"What Is a Passkey, and Should You Use Them? - How-To Geek",15/12/2022 10:05,,en,https://www.howtogeek.com/854319/what-is-a-passkey/,Passkey,2,0.2
The Mystery of 'Mario Kart 7's Strange Update - Lifehacker,15/12/2022 10:05,,en,https://lifehacker.com/the-mystery-of-mario-kart-7s-strange-update-1849893179,Markio Kart 7,2,0.5
How to find Building 21 in DMZ in Modern Warfare 2 - Dot Esports,15/12/2022 10:05,,en,https://dotesports.com/call-of-duty/news/how-to-find-building-21-in-dmz-in-modern-warfare-2/,Modern Warfare 2,2,0.2
"Process of Elimination launches April 11, 2023 in North America, April 14 in Europe - Gematsu",15/12/2022 10:05,,en,https://www.gematsu.com/2022/12/process-of-elimination-launches-april-11-2023-in-north-america-april-14-in-europe,Process of Elimination,2,0
Elden Ring Is GameSpot's Game Of The Year 2022 - GameSpot,15/12/2022 10:05,,en,https://www.gamespot.com/articles/elden-ring-is-gamespots-game-of-the-year-2022/1100-6509957/,Elden Ring,3,0
Armored Core 6 Might Disappoint Soulsborne Fans (But That's Okay) - Beyond 780 - IGN,15/12/2022 10:05,,en,https://www.ign.com/videos/armored-core-6-might-disappoint-soulsborne-fans-but-thats-okay-beyond-780,Amored Core 6,2,0.7
Apple iPhone new data security protections: How to update your device - Fox News,15/12/2022 10:05,,en,https://www.foxnews.com/tech/apple-iphone-new-data-security-protections-how-to-update-your-device,Iphone data security,2,0
How To Unlock The Chimera (Honey Badger) In MW2 & Warzone… - EarlyGame,15/12/2022 10:05,,en,https://earlygame.com/call-of-duty/how-to-unlock-the-chimera-honey-badger-in-mw2-warzone-2,COD MW2 Warzone,2,0
"Game Removes Loot Boxes, Players Revolt Instead Of Celebrate - Kotaku",15/12/2022 10:05,,en,https://kotaku.com/brawl-stars-loot-boxes-free-mobile-battle-pass-1849890262,Loot boxes,1,0.7
"If You're Not Cheering In Pokémon Scarlet And Violet’s Raids, You're Doing It Wrong - Kotaku",15/12/2022 10:05,,en,https://kotaku.com/pokemon-scarlet-violet-tera-raid-cheer-guide-strategies-1849894259,Pokémon Scarlet Violet,2,0.6
Intel 13th Gen non-K CPUs are 28% to 64% faster than 12th Gen according to leaked tests - VideoCardz.com,15/12/2022 10:05,,en,https://videocardz.com/newz/intel-13th-gen-non-k-cpus-are-28-to-64-faster-than-12th-gen-according-to-leaked-tests,Intel 13th gen,3,0
Epic Is Cutting The Servers For 17 Older Online Games - Kotaku,15/12/2022 10:05,,en,https://kotaku.com/epic-turning-off-service-unreal-gold-rock-band-steam-1849894078,Epic online games,2,0
"Mega Man Battle Network Legacy Collection launches April 14, 2023 - Gematsu",15/12/2022 10:05,,en,https://www.gematsu.com/2022/12/mega-man-battle-network-legacy-collection-launches-april-14-2023,Mega Man ,2,0
"Apple satellite plans may extend beyond emergencies, suggests new patent - 9to5Mac",15/12/2022 10:05,,en,https://9to5mac.com/2022/12/14/apple-satellite-plans/,Apple satellite plans,2,0.4
Can the FTC block Microsoft's ABK acquisition? - GamesIndustry.biz,15/12/2022 10:05,,en,https://www.gamesindustry.biz/can-the-ftc-block-microsofts-abk-acquisition,FTC Microsoft acquisition,2,0.5
EK launches special edition of AMD Radeon RX 7900 XTX waterblock - VideoCardz.com,15/12/2022 10:05,,en,https://videocardz.com/press-release/ek-launches-special-edition-of-amd-radeon-rx-7900-xtx-waterblock,AMD Radeon GPU,2,0
Spatial audio and more coming to Pixel phones as part of exclusive Android beta - TechRadar,15/12/2022 10:05,,en,https://www.techradar.com/news/spatial-audio-and-more-coming-to-pixel-phones-as-part-of-exclusive-android-beta,Pixel phone update,2,0
"YouTube moderation bots will start issuing warnings, 24-hour bans - Ars Technica",15/12/2022 10:05,,en,https://arstechnica.com/gadgets/2022/12/youtube-moderation-bots-will-crack-down-on-spam-in-comments-live-chats/,YouTube moderation,2,0
The 16-inch M1 Max MacBook Pro is even cheaper than its crazy Cyber Monday sale - Macworld,15/12/2022 10:05,,en,https://www.macworld.com/article/1432986/the-16-inch-m1-max-macbook-pro-is-even-cheaper-than-its-crazy-cyber-monday-sale.html,MacBook Apple,3,0.5
"Google’s Black Friday deals are back, including that $299 Pixel 6a deal - Ars Technica",15/12/2022 10:05,,en,https://arstechnica.com/gadgets/2022/12/googles-black-friday-deals-are-back-including-that-299-pixel-6a-deal/,Google Pixel sale,3,0.1
Google Wallet shortcut on Pixel 7 now opens the app as QS tile shows full card name - 9to5Google,15/12/2022 10:05,,en,https://9to5google.com/2022/12/13/google-wallet-pixel-7/,Google Wallet Pixel,2,0
5 handy iOS 16 features that are available in macOS Ventura - 9to5Mac,15/12/2022 10:05,,en,https://9to5mac.com/2022/12/13/macos-ventura-features-from-ios-16/,iOS 16 Ventura,3,0
Wonder Boy Anniversary Collection To Get Switch eShop Release Next Year - Nintendo Life,15/12/2022 10:05,,en,https://www.nintendolife.com/news/2022/12/wonder-boy-anniversary-collection-to-get-switch-eshop-release-next-year,Wonder Boy,2,0
PNY GeForce RTX 4070 Ti GPU series leaked with full specs - VideoCardz.com,15/12/2022 10:05,,en,https://videocardz.com/newz/pny-geforce-rtx-4070-ti-gpu-series-leaked-with-full-specs,RTX 4070 Ti,2,0.2
Tim Cook Reveals Apple Has Used Sony Image Sensors for 10 Years - PetaPixel,15/12/2022 10:05,,en,https://petapixel.com/2022/12/13/tim-cook-reveals-apple-has-used-sony-image-sensors-for-10-years/,Apple Image sensor,2,0.1
Hunt Showdown Devil's Moon Live Event Start - Hunt: Showdown,15/12/2022 10:05,,en,https://www.huntshowdown.com/news/hunt-showdown-devil-s-moon-live-event,Hunt Showdown,2,0
Hands-on: How to use Apple Music Sing karaoke feature in iOS 16.2 - 9to5Mac,15/12/2022 10:05,,en,https://9to5mac.com/2022/12/13/how-to-use-apple-music-sing-karaoke-feature/,Apple Music karaoke,2,0
"Mario Strikers: Battle League Version 1.3.0 Is Now Live, Here Are The Full Patch Notes - Nintendo Life",15/12/2022 10:05,,en,https://www.nintendolife.com/news/2022/12/mario-strikers-battle-league-version-1-3-0-is-now-live-here-are-the-full-patch-notes,Mario Strikers update,2,0
New Actively Exploited Zero-Day Vulnerability Discovered in Apple Products - The Hacker News,15/12/2022 10:05,,en,https://thehackernews.com/2022/12/new-actively-exploited-zero-day.html,Apple security,1,0
Got an iPhone? Don’t wait another second to update critical privacy settings - Fox News,15/12/2022 10:05,,en,https://www.foxnews.com/tech/got-an-iphone-dont-wait-another-second-update-critical-privacy-settings,iPhone privacy,1,0.8
Fortnite Winterfest 2022 presents: What’s inside each gift & where are the free skins? - Dexerto,15/12/2022 10:05,,en,https://www.dexerto.com/fortnite/fortnite-winterfest-2022-presents-guide-2009534/,Fortnite,2,0.4
"Instagram rolls out Notes, Candid Stories, and Group Profiles - SamMobile - Samsung news",15/12/2022 10:05,,en,https://www.sammobile.com/news/instagram-notes-candid-stories-group-profiles-released/,Instagram update,2,0
Apple Just Launched Its First New App in Years — and It Can Transform the Way You Plan Travel - Travel + Leisure,15/12/2022 10:05,,en,https://www.travelandleisure.com/apple-launches-freeform-app-plan-travel-6891425,Apple app,3,0.5
A Look at Tesla's Updated UI Cards for the Model 3 and Model Y - Not a Tesla App,15/12/2022 10:05,,en,https://www.notateslaapp.com/news/1101/tesla-brings-back-ui-cards-to-model-3-and-y-with-holiday-update,Tesla update UI,2,0.1
"Overwatch 2 Winter Wonderland 2022 dates, skins, and modes announced - Polygon",15/12/2022 10:05,,en,https://www.polygon.com/23507809/overwatch-2-winter-wonderland-2022-dates-skins-challenges,Overwatch 2 update,2,0
Rick And Morty Creators Issue Patch To Make New Shooter Less Annoying - Kotaku,15/12/2022 10:05,,en,https://kotaku.com/high-on-life-rick-and-morty-forspoken-game-release-1849892935,Rick Morty game,2,0.1
Akiba's Trip: Undead & Undressed Is A Game About Taking Off People's Clothes - Nintendo Life,15/12/2022 10:05,,en,https://www.nintendolife.com/news/2022/12/akibas-trip-undead-and-undressed-is-a-game-about-taking-off-peoples-clothes,Akiba's trip Nintendo,2,0.1
Xbox thinks it'll take players around 1000 hours to 'beat' League of Legends on Game Pass - Dot Esports,15/12/2022 10:05,,en,https://dotesports.com/league-of-legends/news/xbox-thinks-itll-take-players-over-1000-hours-to-beat-league-of-legends/,Xbox Leeauge Legends,2,0
"After Russia’s exit from the Lunar Gateway, NASA has found a new partner in UAE - Ars Technica",15/12/2022 10:05,,en,https://arstechnica.com/science/2022/12/nasa-is-negotiating-with-uae-to-provide-an-airlock-for-the-lunar-gateway/,NASA,2,0
After AlphaFold: protein-folding contest seeks next big breakthrough - Nature.com,15/12/2022 10:05,,en,https://www.nature.com/articles/d41586-022-04438-1,AlphaFold protein folding,2,0
The Geminid meteor shower of 2022 peaked tonight (photos) - Space.com,15/12/2022 10:05,,en,https://www.space.com/geminid-meteor-shower-2022-peak-photos,meteor shower,2,0
Boom! Watch an inflatable space station module explode on video - msnNOW,15/12/2022 10:05,,en,https://www.space.com/sierra-space-life-habitat-explosion-test,inflatable space module,2,0.7
7 Things We Learned From NASA's Wildly Successful Artemis 1 Mission - Gizmodo,15/12/2022 10:05,,en,https://gizmodo.com/nasa-artemis-orion-sls-moon-mission-1849892615,NASA,3,0.1
"Particles of light may create fluid flow, data-theory comparison suggests - Phys.org",15/12/2022 10:05,,en,https://phys.org/news/2022-12-particles-fluid-data-theory-comparison.html,light particles,2,0.3
James Webb Space Telescope spots rare red spiral galaxies in the early universe - Space.com,15/12/2022 10:05,,en,https://www.space.com/james-webb-space-telescope-red-spiral-galaxies,Space telescope,2,0
Black holes 'ring' like bells after they merge — and that could be the key to seeing inside them - Livescience.com,15/12/2022 10:05,,en,https://www.livescience.com/black-hole-singularity-gravitational-waves,black holes,2,0.3
Wetland emission and atmospheric sink changes explain methane growth in 2020 - Nature.com,15/12/2022 10:05,,en,https://www.nature.com/articles/s41586-022-05447-w,methane growth,2,0
"60 years ago today, a spacecraft zipped past planet Venus for the 1st time ever - Space.com",15/12/2022 10:05,,en,https://www.space.com/mariner-2-venus-flyby-60-year-anniversary,spacecraft Venus,2,0.4
Nasa's Ingenuity helicopter to fly over the hills of Mars - BBC,15/12/2022 10:05,,en,https://www.bbc.com/news/science-environment-63965245,NASA Mars,2,0.1
Christmas asteroid challenge starts tonight and you can join - Space.com,15/12/2022 10:05,,en,https://www.space.com/christmas-asteroid-challenge-starts-tonight-dec-14-2022,asteroid,2,0.2
Video of 'toilet plume' shows how much droplets spread when you flush - USA TODAY,15/12/2022 10:05,,en,https://www.usatoday.com/story/news/nation/2022/12/13/toilet-plume-video-public-restroom-germs/10882027002/,toilet plume,2,0.1
"Our ancestors may have evolved to walk upright in trees rather than on the ground, new study suggests - CNN",15/12/2022 10:05,,en,https://www.cnn.com/2022/12/14/world/human-bipedalism-trees-study-scli-intl-scn/index.html,human evolution,2,0.2
Coyotes Unexpectedly Attacked a Human in 2009. Scientists Now Know Why - CNET,15/12/2022 10:05,,en,https://www.cnet.com/science/biology/a-coyote-unexpectedly-attacked-a-human-in-2009-scientists-now-know-why/,coyotes human attack,2,0.4
A Fireball That Exploded Over Canada Has Been Traced to a Very Unexpected Origin - ScienceAlert,15/12/2022 10:05,,en,https://www.sciencealert.com/a-fireball-that-exploded-over-canada-has-been-traced-to-a-very-unexpected-origin,fireball Canada,2,0.7
"Bill Nelson came to NASA to do two things, and he’s all out of bubblegum - Ars Technica",15/12/2022 10:05,,en,https://arstechnica.com/science/2022/12/bill-nelson-came-to-nasa-to-do-two-things-and-hes-all-out-of-bubblegum/,NASA,1,0.7
Japan's Private Moon Mission Captures Stunning Farewell Photo of Earth - Gizmodo,15/12/2022 10:05,,en,https://gizmodo.com/japan-hakuto-r-private-moon-mission-earth-1849892846,Japan moon mission,3,0.2
"NASA's Big 2022: Historic Moon Mission, Webb Telescope Images, More - NASA",15/12/2022 10:05,,en,https://www.nasa.gov/press-release/nasa-s-big-2022-historic-moon-mission-webb-telescope-images-more/,NASA,3,0
Dazzling galactic diamonds shine in new Webb telescope image - CNN,15/12/2022 10:05,,en,https://www.cnn.com/2022/12/14/world/webb-telescope-galactic-diamonds-scn/index.html,Webb telescope,2,0
Man is killed by pet cat bite... FOUR YEARS later due to flesh-eating bacteria - Daily Mail,15/12/2022 10:05,,en,https://www.dailymail.co.uk/news/article-11538087/Man-killed-pet-cat-bite-FOUR-YEARS-later-flesh-eating-bacteria.html,cat bite,2,0.8
"Consumer Reports: Flu, COVID-19, and RSV parent survival guide - WSYR",15/12/2022 10:05,,en,https://www.localsyr.com/news/consumer-reports/consumer-reports-flu-covid-19-and-rsv-parent-survival-guide/,flu covid 19,2,0.2
Subcutaneous Fat Emerges as a Protector of Females’ Brains - Neuroscience News,15/12/2022 10:05,,en,https://neurosciencenews.com/subcutaneous-fat-neuroprotection-22068/,fat female brains,2,0
Wales reports more than 850 scarlet fever cases in a single week - Wales Online,15/12/2022 10:05,,en,https://www.walesonline.co.uk/news/health/wales-reports-more-850-scarlet-25740394,scarlet fever,1,0
Vaccine fatigue is leaving the US vulnerable to flu - CNN,15/12/2022 10:05,,en,https://www.cnn.com/2022/12/13/health/flu-vaccine-fatigue/index.html,vaccine fatigue,1,0.1
Discovery Could Explain Why Women Are More Likely to Get Alzheimer’s - Neuroscience News,15/12/2022 10:05,,en,https://neurosciencenews.com/c3-women-alzheimers-22078/,Alzheimer's,2,0.3
Doctor shares his 8 strategies to protect himself from winter viruses - Yahoo News,15/12/2022 10:05,,en,https://news.yahoo.com/doctor-shares-8-strategies-protect-191726685.html,winter viruses,2,0.2
SARS-CoV-2 infection and persistence in the human body and brain at autopsy - Nature.com,15/12/2022 10:05,,en,https://www.nature.com/articles/s41586-022-05542-y,Covid,2,0
"UBC scientists find 'broadly effective, infection-halting compound' for coronaviruses | Globalnews.ca - Global News",15/12/2022 10:05,,en,https://globalnews.ca/news/9347930/ubc-effective-infection-halting-compound-coronaviruses/,Covid,2,0.1
"Long Beach reports 2 coronavirus deaths as new daily cases remain high, other metrics drop • Long Beach Post News - Long Beach Post",15/12/2022 10:05,,en,https://lbpost.com/news/long-beach-reports-2-coronavirus-as-new-daily-cases-remains-high-other-metrics-drop,Covid,2,0
Man with swollen testicle discovers ‘dancing’ worms living inside: doctors - New York Post ,15/12/2022 10:05,,en,https://nypost.com/2022/12/13/mans-swollen-testicle-filled-with-dancing-worms/,swollen testicle,2,0.8
Moving on From Melatonin? This Dietary Supplement Can Also Help You Sleep - CNET,15/12/2022 10:05,,en,https://www.cnet.com/health/sleep/moving-on-from-melatonin-this-dietary-supplement-can-also-help-you-sleep/,sleep,2,0.7
"Only 14% of diagnosed cancers in the US are detected by screening, report says - CNN",15/12/2022 10:05,,en,https://www.cnn.com/2022/12/14/health/cancers-detected-by-screening-report/index.html,cancer screening,1,0
"Omicron BQ, XBB subvariants are a serious threat to boosters and knock out antibody treatments, study finds - CNBC",15/12/2022 10:05,,en,https://www.cnbc.com/2022/12/14/covid-news-bq-xbb-omicron-subvariants-pose-serious-threat-to-boosters.html,Covid vaccines,1,0.1
Does exercise really help aging brains? New study raises questions. - The Washington Post,15/12/2022 10:05,,en,https://www.washingtonpost.com/wellness/2022/12/14/exercise-mindfulness-brain-health/,exercise aging,2,0.8
Gene editing technology for treatment-resistant cancer could be a 'scientific layup' to treat other diseases - CNN,15/12/2022 10:05,,en,https://www.cnn.com/2022/12/12/health/base-editing-cancer-treatment/index.html,gene editing,3,0.2
"As viral infections skyrocket, masks are still a tried-and-true way to help keep yourself and others safe - Yahoo News",15/12/2022 10:05,,en,https://news.yahoo.com/viral-infections-skyrocket-masks-still-131359333.html,Covid masks,3,0.1
Fifteen children have died from Strep A in the UK in recent weeks. Could an outbreak in the US follow? - The Independent,15/12/2022 10:05,,en,https://www.independent.co.uk/news/world/americas/strep-a-outbreak-infection-us-cases-b2245470.html,Strep A UK,1,0.1
"A trifecta of respiratory viruses -- Covid, RSV and flu -- are taxing hospitals across the nation - CNN",15/12/2022 10:05,,en,https://www.cnn.com/2022/12/13/us/covid-rsv-flu-viruses-trifecta-hospitals/index.html,Covid flu,1,0.1
Scientists discover 'suicide genes' - and hope to find a cure - Daily Mail,15/12/2022 10:05,,en,https://www.dailymail.co.uk/health/article-11537427/Scientists-discover-suicide-genes-hope-cure.html,suicide genes,2,0.8
Factors Linked to Optimal Aging Uncovered - Neuroscience News,15/12/2022 10:05,,en,https://neurosciencenews.com/optimal-aging-neuroscience-22071/,aging,2,0.8
"U.S. hospitals report rise in severe strep A infections among kids, after 15 deaths in UK - Yahoo News",15/12/2022 10:05,,en,https://news.yahoo.com/u-hospitals-report-rise-severe-000215526.html,Strep A UK,1,0
Newborns to get rapid genetic disease diagnosis - BBC,15/12/2022 10:05,,en,https://www.bbc.com/news/health-63906892,genetic disease diagnosis,3,0
Expert recommends one fruit to eat daily to 'help maintain normal heart function' - Express,15/12/2022 10:05,,en,https://www.express.co.uk/life-style/health/1709258/high-blood-pressure-lower-reading-bananas-normal-heart-function,fruit health,3,0.3
Children experiencing hallucinations as part of Influenza A: Vernon doctor | Globalnews.ca - Global News,15/12/2022 10:05,,en,https://globalnews.ca/news/9345875/children-experiencing-halluciations-as-part-of-influenza-a-vernon-doctor/,Influenza A,1,0.1
J&J and Merck Ebola vaccines produce lasting antibodies in children and adults - Fox Business,15/12/2022 10:05,,en,https://www.foxbusiness.com/healthcare/jj-merck-ebola-vaccines-produce-lasting-antibodies-children-adults,vaccines,3,0
"Review on heart health supplements: folic acid, omega 3, vitamin a - Insider",15/12/2022 10:05,,en,https://www.insider.com/review-on-heart-health-supplements-folic-acid-omega-3-2022-12,heart health,2,0
"What are the most common COVID symptoms now? It's no longer fever, loss of taste - AL.com",15/12/2022 10:05,,en,https://www.al.com/news/2022/12/what-are-the-most-common-covid-symptoms-now-its-no-longer-fever-loss-of-taste.html,covid,2,0.3
Nasal vaccines promise to stop the COVID-19 virus before it gets to the lungs – an immunologist explains how they work - Yahoo News,15/12/2022 10:05,,en,https://news.yahoo.com/nasal-vaccines-promise-stop-covid-131447644.html,Covid 19 vaccines,3,0.1
Combo of bad cholesterol and high blood pressure may increase heart attack or stroke risk - Yahoo Finance,15/12/2022 10:05,,en,https://finance.yahoo.com/news/combo-bad-cholesterol-high-blood-100000086.html,heart health,1,0.2
"Dog flu outbreaks hit shelters, homes across US - New York Post ",15/12/2022 10:05,,en,https://nypost.com/2022/12/14/dog-flu-outbreaks-hit-shelters-homes-across-us/,dog flu,2,0
"COVID Loss of Smell, Taste May Signal More Intense Immune Response - The Daily Beast",15/12/2022 10:05,,en,https://www.thedailybeast.com/covid-loss-of-smell-taste-may-signal-more-intense-immune-response,Covid,2,0.1
A microbiome-dependent gut–brain pathway regulates motivation for exercise - Nature.com,15/12/2022 10:05,,en,https://www.nature.com/articles/s41586-022-05525-z,Motivation exercise,2,0
New Study Links COVID-19 Vaccination Status to Increased Risk of Car Crashes - Jalopnik,15/12/2022 10:05,,en,https://jalopnik.com/new-study-links-covid-19-vaccination-status-to-increase-1849891344,Covid vaccine,1,0.2
FTX Bahamas co-CEO Ryan Salame blew the whistle on FTX and Sam Bankman-Fried - Cointelegraph,15/12/2022 10:05,,en,https://cointelegraph.com/news/ftx-bahamas-co-ceo-ryan-salame-blew-the-whistle-on-ftx-and-sam-bankman-fried,FTX,2,0
Lawmakers grapple with sheer size of FTX's missing billions - The Washington Post,15/12/2022 10:05,,en,https://www.washingtonpost.com/business/2022/12/14/ftx-sbf-crypto-fraud-charges-hearing/,FTX,1,0
Tesla shares fall as investors bash Musk's Twitter focus - Reuters,15/12/2022 10:05,,en,https://www.reuters.com/business/autos-transportation/tesla-shares-fall-investors-bash-musks-twitter-focus-2022-12-14/,Tesla Musk ,1,0
"Sam Bankman-Fried's relatives called the Bahamas prison he's being held at to ask if he can get vegan meals, per Bloomberg - Yahoo Finance",15/12/2022 10:05,,en,https://www.businessinsider.com/sam-bankman-fried-relatives-ask-bahamas-prison-vegan-meals-report-2022-12,FTX,2,0.2
"Binance withdrawals jump to $3 billion in 24 hours, research firm says - CNN",15/12/2022 10:05,,en,https://www.cnn.com/2022/12/14/investing/binance-withdrawals-crypto-intl-hnk/index.html,Binance,1,0
Inside the final days of Twitter 1.0: How Elon Musk razed us to the ground - The Independent,15/12/2022 10:05,,en,https://www.independent.co.uk/news/world/americas/elon-musk-twitter-final-days-b2245639.html,Twitter Musk,1,0.2
Only 1% of people can handle crypto self-custody right now: Binance CEO - Cointelegraph,15/12/2022 10:05,,en,https://cointelegraph.com/news/only-1-of-people-can-handle-crypto-self-custody-right-now-binance-ceo,Crypto self-custody,1,0
"Bitcoin, Ethereum, Dogecoin Mixed After Fed Rate Hike: Analyst Says Apex Crypto's Path To $20,500 'Open' - Benzinga",15/12/2022 10:05,,en,https://www.benzinga.com/markets/cryptocurrency/22/12/30085524/bitcoin-ethereum-dogecoin-mixed-after-fed-rate-hike-analyst-says-apex-cryptos-path-to-20-5,Cryto,3,0.2
SEC sets out sweeping overhaul of US stock market - Financial Times,15/12/2022 10:05,,en,https://www.ft.com/content/8102fc65-0879-4b88-b3c6-097447a61f7d,SEC stocks,2,0.2
"Tech layoffs are rising, but many workers are landing new jobs, raises - Business Insider",15/12/2022 10:05,,en,https://www.businessinsider.com/tech-layoffs-workers-new-jobs-salary-raises-2022-12,Tech layoffs,2,0
Dutch chip equipment maker ASML's CEO questions U.S. export rules on China -newspaper - Reuters,15/12/2022 10:05,,en,https://www.reuters.com/technology/ceo-dutch-chip-equipment-maker-asml-questions-us-imposed-export-rules-china-2022-12-13/,ASM China export,2,0
"Investors bolting from the market after hawkish Fed speech are being too hasty, Jim Cramer says - CNBC",15/12/2022 10:05,,en,https://www.cnbc.com/2022/12/14/investors-bolting-from-the-market-after-hawkish-fed-speech-are-being-too-hasty-jim-cramer-says.html,Fed stocks,2,0
“Pure and deadly greed”: Lawmakers slam Pfizer’s 400% price hike on COVID shots - Ars Technica,15/12/2022 10:05,,en,https://arstechnica.com/science/2022/12/pure-and-deadly-greed-lawmakers-slam-pfizers-400-price-hike-on-covid-shots/,Covid vaccines,1,0
Average New Car Prices Hit a Record High in November - Jalopnik,15/12/2022 10:05,,en,https://jalopnik.com/average-new-car-price-hit-a-record-high-in-november-1849890024,car prices,2,0.1
Bernard Arnault just became the world's richest person. So who is he? - CNN,15/12/2022 10:05,,en,https://www.cnn.com/2022/12/14/business/bernard-arnault-richest-person/index.html,Bernard Arnault,2,0.2
Moderna/Merck Cancer Vaccine Passes Phase II Human Trial - Gizmodo,15/12/2022 10:05,,en,https://gizmodo.com/moderna-merck-cancer-vaccine-melanoma-clinical-trial-1849888980,Cancer vaccine,3,0
Sears Hometown files for Chapter 11 bankruptcy protection - CNN,15/12/2022 10:05,,en,https://www.cnn.com/2022/12/13/business/sears-hometown-bankruptcy/index.html,Sears Hometown,1,0
"Get early access to +play beta exclusively from Verizon, with Netflix Premium on us for one year - Verizon",15/12/2022 10:05,,en,https://www.verizon.com/about/news/early-access-play-beta-verizon-netflix-premium,Verzion streaming,3,0
FDA adcomm votes 8-3 against Cytokinetics' potential heart failure drug - Endpoints News,15/12/2022 10:05,,en,https://endpts.com/fda-adcomm-votes-8-3-against-cytokinetics-potential-heart-failure-drug/,FDA heart drug,2,0
Cramer's lighting round: I like J.M. Smucker over Church & Dwight - CNBC,15/12/2022 10:05,,en,https://www.cnbc.com/2022/12/13/cramers-lighting-round-i-like-jm-smucker-over-church-dwight.html,stocks,2,0
Twitter's risky plan to save its ads business - Platformer,15/12/2022 10:05,,en,https://www.platformer.news/p/twitters-risky-plan-to-save-its-ads,Twitter,2,0
US senator Manchin says Treasury should limit commercial EV tax credit use - ETAuto,15/12/2022 10:05,,en,https://auto.economictimes.indiatimes.com/news/industry/us-senator-manchin-says-treasury-should-limit-commercial-ev-tax-credit-use/96217951,EV tax credit,1,0
Bank of England seen hiking by a half-point as inflation shows signs of peaking - CNBC,15/12/2022 10:05,,en,https://www.cnbc.com/2022/12/14/bank-of-england-tipped-for-half-point-rate-hike-as-inflation-shows-signs-of-peaking.html,interest rate,2,0
Stocks are closing out a dismal 2022 as the Fed fights inflation. Here's what history says comes next. - MarketWatch,15/12/2022 10:05,,en,https://www.marketwatch.com/story/stocks-are-closing-out-a-dismal-2022-as-the-fed-fights-inflation-heres-what-history-says-comes-next-11671064089,stocks,1,0.3
"Bill Ackman: Fed won't meet inflation goal without 'deep, job-destroying recession' - Yahoo Finance",15/12/2022 10:05,,en,https://finance.yahoo.com/news/bill-ackman-fed-inflation-recession-225552079.html,Fed inflation,1,0.1
Litigation Boutique Offers Bonuses Of Up To $575K To Hardworking Associates - Above the Law,15/12/2022 10:05,,en,https://abovethelaw.com/2022/12/bursor-bonuses-2022/,law firm,3,0
2023 Toyota Prius Hybrid AWD Reviewed - Driving Sports TV,15/12/2022 10:05,,en,https://www.youtube.com/watch?v=IqgCkZLZmbo,Toyota Hybrid,2,0
PayPal launches integration with MetaMask Web3 wallet for Ethereum transactions - Fortune,15/12/2022 10:05,,en,https://fortune.com/crypto/2022/12/14/paypal-metamask-crypto-web3-blockchain-payments/,PayPal Ethereum MetaMask,3,0
Senator Warren Introduces New Crypto Bill Targeting Self-Custody Wallets - Decrypt,15/12/2022 10:05,,en,https://decrypt.co/117221/senator-warren-crypto-bill-kyc-self-custody-wallets,Crypto bill,2,0
How Large Trucks and SUVs Are Dragging Down America's Fuel Economy - Jalopnik,15/12/2022 10:05,,en,https://jalopnik.com/large-trucks-suvs-erasing-u-s-fuel-economy-gains-1849888478,US Fuel economy,1,0
Billionaire Ken Griffin sues IRS over leaked tax records - Chicago Tribune,15/12/2022 10:05,,en,https://www.chicagotribune.com/news/breaking/ct-ken-griffin-irs-tax-lawsuit-20221214-grpig6lzonegtgxuzi6flw7cbe-story.html,IRS tax records,1,0.1
HSBC updates climate policy to stop funding new oil and gas - The Associated Press,15/12/2022 10:05,,en,https://apnews.com/bd370e6387d8f9976158d5d742ea9af0,climate policy HSBC,3,0
Charter Falls a Record 16% as Spending Alarms Wall Street - Yahoo Finance,15/12/2022 10:05,,en,https://finance.yahoo.com/news/charter-drops-spending-plan-exceeds-140218139.html,Charter stock,1,0
Biden-Harris Administration Announces $3.7 Billion to Kick-Start America's Carbon Dioxide Removal Industry - Energy.gov,15/12/2022 10:05,,en,https://www.energy.gov/articles/biden-harris-administration-announces-37-billion-kick-start-americas-carbon-dioxide,US Carbon removal,3,0
The world's top city destinations for 2022 are revealed - CNN,15/12/2022 10:05,,en,https://www.cnn.com/travel/article/euromonitor-top-city-destinations-index-2022/index.html,top cities,2,0.4
Binance Deliberately Caused FTX Collapse: Kevin O’Leary - Decrypt,15/12/2022 10:05,,en,https://decrypt.co/117270/binance-deliberately-caused-ftx-collapse-kevin-oleary,FTX Binance,1,0
Throw Away These Recalled COVID Test Kits - Lifehacker,15/12/2022 10:05,,en,https://lifehacker.com/throw-away-these-recalled-covid-test-kits-1849889056,COVID test,1,0.1
"Fusion power is still decades and billions of dollars away, even after this week's major scientific breakthrough - CNBC",15/12/2022 10:05,,en,https://www.cnbc.com/2022/12/14/fusion-power-wont-be-widespread-for-at-least-a-decade.html,Fusion power,1,0
Fed's Walk May Be More Dovish Than Its Talk - The Wall Street Journal,15/12/2022 10:05,,en,https://www.wsj.com/articles/feds-walk-may-be-more-dovish-than-its-talk-11671053830,Fed,2,0
Twitter ditches Trust and Safety Council as Musk tweets fuel harassment - Ars Technica,15/12/2022 10:05,,en,https://arstechnica.com/tech-policy/2022/12/twitter-ditches-trust-and-safety-council-as-musk-tweets-fuel-harassment/,Twitter Musk,1,0
"Rents drove inflation higher in November, but private data suggests prices easing in 2023 - Yahoo Finance",15/12/2022 10:05,,en,https://finance.yahoo.com/news/rents-drove-inflation-higher-in-november-but-private-data-suggests-prices-easing-in-2023-221551321.html,inflation rents,1,0
Musk's Twitter failing to pay rent on San Francisco HQ - SFGATE,15/12/2022 10:05,,en,https://www.sfgate.com/tech/article/musk-twitter-not-paying-rent-17654274.php,Twitter Musk,1,0
"Credit card, personal loan delinquencies expected to surge in 2023: TransUnion - Fox Business",15/12/2022 10:05,,en,https://www.foxbusiness.com/economy/credit-card-personal-loan-delinquencies-expected-surge-2023-transunion,personal loands,1,0
"Another $3.5 billion notch in America's widening ""battery belt"" - Axios",15/12/2022 10:05,,en,https://www.axios.com/2022/12/14/redwood-materials-south-carolina,US batteries,3,0.1
Gold prices continue to hold support above $1800 as Fed rates rates 50bps and see a terminal rate above 5% in 2023 - Kitco NEWS,15/12/2022 10:05,,en,https://www.kitco.com/news/2022-12-14/Gold-prices-continue-to-hold-support-above-1-800-as-Fed-rates-rates-50bps-and-see-a-terminal-rate-above-5-in-2023.html,gold prices,3,0
General Motors recalls over 825K SUVs and cars to fix daytime running lights - WDIV ClickOnDetroit,15/12/2022 10:05,,en,https://www.clickondetroit.com/news/local/2022/12/14/general-motors-recalls-over-825k-suvs-and-cars-to-fix-daytime-running-lights/,General Motors,1,0
Attention procrastinators: Drop-dead holiday shipping deadlines are coming soon - CNN,15/12/2022 10:05,,en,https://www.cnn.com/2022/12/14/business/shipping-deadlines-holiday-gifts/index.html,holiday shopping,3,0.5
The inflation tide has turned — no thanks to the Fed - New York Post ,15/12/2022 10:05,,en,https://nypost.com/2022/12/13/the-inflation-tide-has-turned-no-thanks-to-the-fed/,Fed inflation,1,0.1
ChatGPT: Why Everyone Is Obsessed This Mind-Blowing AI Chatbot - CNET,15/12/2022 10:05,,en,https://www.cnet.com/tech/computing/chatgpt-why-everyone-is-obsessed-this-mind-blowing-ai-chatbot/,ChatGPT,3,0.4
Boom Supersonic announces engine for ultra-high-speed Overture jet - Business Insider,15/12/2022 10:05,,en,https://www.businessinsider.com/boom-supersonic-announces-engine-for-ultra-high-speed-overture-jet-2022-12,jet engine,3,0
"Warner Bros. Discovery Now Sees Up To $3.5 Billion In Content Write-Downs, $1 Billion More Than Previously Anticipated - Deadline",15/12/2022 10:05,,en,https://deadline.com/2022/12/warner-bros-discovery-content-write-downs-1235199446/,Discovery Now,1,0
"Exclusive: U.S. to remove some Chinese entities from red flag list soon, U.S. official says - Reuters",15/12/2022 10:05,,en,https://www.reuters.com/markets/us-remove-some-chinese-entities-red-flag-list-soon-us-official-2022-12-14/,US China,3,0
Danske Bank Pleads Guilty to Fraud on U.S. Banks in Multi-Billion Dollar Scheme to Access the U.S. Financial System - Department of Justice,15/12/2022 10:05,,en,https://www.justice.gov/opa/pr/danske-bank-pleads-guilty-fraud-us-banks-multi-billion-dollar-scheme-access-us-financial,Danske Bank,1,0
"Health insurance is helping cool inflation. But 'it's not a very good reflection' of what people pay, cautions economist - CNBC",15/12/2022 10:05,,en,https://www.cnbc.com/2022/12/14/heres-how-health-insurance-is-helping-to-cool-inflation.html,inflation rents,3,0.4
'O.C.' star Ben McKenzie tells lawmakers crypto is 'largest Ponzi' ever - Markets Insider,15/12/2022 10:05,,en,https://markets.businessinsider.com/news/currencies/crypto-ftx-oc-star-ben-mckenzie-largest-ponzi-scheme-market-2022-12,crypto,1,0.2
Here is why Bitcoin price gave back all its intraday gains - Cointelegraph,15/12/2022 10:05,,en,https://cointelegraph.com/news/here-is-why-bitcoin-price-gave-back-all-its-intraday-gains,crypto,1,0.2
NSA says Chinese hackers are exploiting a zero-day bug in popular networking gear - TechCrunch,15/12/2022 10:05,,en,https://techcrunch.com/2022/12/14/nsa-says-chinese-hackers-are-exploiting-a-zero-day-bug-in-popular-networking-gear/,China hacers,1,0
Federal Reserve issues FOMC statement - Federal Reserve,15/12/2022 10:05,,en,https://www.federalreserve.gov/newsevents/pressreleases/monetary20221214a.htm,Federal Reserve,2,0
US vet freed from Russian captivity in prisoner swap with Ukraine - Business Insider,15/12/2022 23:11,,en,https://www.businessinsider.com/us-veteran-freed-russian-captivity-in-prisoner-swap-with-ukraine-2022-12,US Russia prisoner,2,0
Stock futures fall a second day on fears the Fed will tip the economy into a recession - CNBC,15/12/2022 23:11,,en,https://www.cnbc.com/2022/12/14/stock-market-futures-open-to-close-news.html,Fed,1,0
COVID origins 'may have been tied' to China's bioweapons program: GOP report - Fox News,15/12/2022 23:11,,en,https://www.foxnews.com/politics/covid-origins-may-have-been-tied-chinas-bioweapons-program-gop-report,Covid China,1,0.3
Retail sales fell 0.6% in November as consumers feel the pressure from inflation - CNBC,15/12/2022 23:11,,en,https://www.cnbc.com/2022/12/15/retail-sales-november-2022-sales-fall-0point6percent-as-consumers-feel-pressure-from-inflation.html,inflation  ,1,0
Allison Holker Breaks Her Silence on Stephen 'tWitch' Boss' Death - Entertainment Tonight,15/12/2022 23:11,,en,https://www.youtube.com/watch?v=6i9d_KBhOw0,,2,0.5
Io volcano world comes into view of Juno probe - BBC,15/12/2022 23:11,,en,https://www.bbc.com/news/science-environment-63982190,Juno probe,3,0.1
US-Africa summit: Biden says US is 'all in' on Africa's future - BBC,15/12/2022 23:11,,en,https://www.bbc.com/news/world-africa-63982818,US Africa  ,3,0
European parliament to ban all unofficial 'friendship groups' - Financial Times,15/12/2022 23:11,,en,https://www.ft.com/content/76a9eca0-700e-48b6-b3ae-e44dcd06455c,EU financial,2,0.3
Six states without power as deadly winter storm and tornadoes hit US - BBC,15/12/2022 23:11,,en,https://www.bbc.com/news/world-us-canada-63989303,winter storm US,1,0.1
Why a 'tripledemic' is keeping many of us sick for weeks at a time - The Washington Post,15/12/2022 23:11,,en,https://www.washingtonpost.com/health/2022/12/15/tripledemic-covid-rsv-flu-surge/,epedemic,1,0.3
China pushes vaccines as retreat from 'zero-COVID' turns messy - Reuters,15/12/2022 23:11,,en,https://www.reuters.com/world/china/china-urges-vaccines-vulnerable-zero-covid-exit-turns-messy-2022-12-15/,China covid vaccines,3,0
Twitter changes rules after suspending account tracking Elon Musk’s jet - Fox Business,15/12/2022 23:11,,en,https://www.foxbusiness.com/technology/twitter-changes-rules-suspending-account-elon-musks-jet,Twitter Musk,2,0.1
Bowl season guide to all 42 college football games - ESPN,15/12/2022 23:11,,en,https://www.espn.com/college-football/story/_/id/35247138/bowl-season-guide-42-college-football-games,Football ,2,0.1
15.5-inch MacBook Air Expected to Launch in Spring 2023 - MacRumors,15/12/2022 23:11,,en,https://www.macrumors.com/2022/12/15/15-inch-macbook-air-spring-2023/,MacBook Apple,2,0.1
"Whales can have an important but overlooked role in tackling the climate crisis, researchers say - CNN",15/12/2022 23:11,,en,https://www.cnn.com/2022/12/15/world/whales-carbon-sinks-climate-change-scn/index.html,Whales climate,3,0.2
How the Fed's rate hikes could affect your finances - The Associated Press - en Español,15/12/2022 23:11,,en,https://apnews.com/article/fed-rate-hike-how-does-it-affect-you-5e404362fe2703b1a092190cb7b9e106,Fed,2,0
Moderate Republicans weigh hardball tactics to counter anti-McCarthy crew - CNN,15/12/2022 23:11,,en,https://www.cnn.com/2022/12/15/politics/moderate-republicans-kevin-mccarthy-speaker/index.html,Repulbicans,2,0
Purdue Alum Drew Brees to Return as Assistant Coach for Citrus Bowl - Purdue Boilermakers - Purdue Boilermakers,15/12/2022 23:11,,en,https://purduesports.com/news/2022/12/15/football-purdue-alum-drew-brees-to-return-as-assistant-coach-for-citrus-bowl.aspx,Football ,2,0
"BREAKING POINT: Border town politicians making migrant crisis worse, shelters overrun, mission director says - Fox News",15/12/2022 23:11,,en,https://www.foxnews.com/us/breaking-point-border-town-politicians-making-migrant-crisis-worse-shelters-overrun-mission-director-says,migrant crisis politicians,1,0.3
"Jealousy, lies and backstabbing. Harry and Meghan point the finger in final Netflix episodes - CNN",15/12/2022 23:11,,en,https://www.cnn.com/2022/12/15/entertainment/royal-news-newsletter-12-15-22-scli-gbr-cmd-intl/index.html,Harry Maghan Netflix,2,0.2
Senator Encourages Americans To Remove TikTok From Their Devices - MSNBC,15/12/2022 23:11,,en,https://www.youtube.com/watch?v=BIHgqG5Ja9Y,TikTok,1,0
"The Next, And 'Biggest' Tomb Raider To Be Delivered By Amazon - Kotaku",15/12/2022 23:11,,en,https://kotaku.com/tomb-raider-lara-croft-crystal-dynamics-amazon-games-1849898949,Tomb Raider Amazon,3,0.1
Growing obesity crisis in U.S. prompts CDC to expand body mass index charts for severely overweight kids - CNBC,15/12/2022 23:11,,en,https://www.cnbc.com/2022/12/15/obesity-cdc-expands-bmi-charts-for-severely-overweight-kids.html,Obesity US,1,0
Soyuz spacecraft docked to International Space Station springs 'fairly significant' coolant leak - CNN,15/12/2022 23:11,,en,https://www.cnn.com/2022/12/15/world/soyuz-spacecraft-leak-iss-scn/index.html,ISS,2,0
Week 15 NFL game picks: 49ers handle Seahawks on Thursday; Bills thwart Dolphins on Saturday night - NFL.com,15/12/2022 23:11,,en,https://www.nfl.com/news/week-15-nfl-game-picks-2022-nfl-season,NFL,2,0
House passes bill to replace bust of Roger Taney with one honoring Thurgood Marshall - CNN,15/12/2022 23:11,,en,https://www.cnn.com/2022/12/15/politics/roger-taney-thurgood-marshall-bust/index.html,,2,0
Ukraine war live updates: Russia warns U.S. of 'unpredictable consequences' if it sends Patriot missile systems to Ukraine - CNBC,15/12/2022 23:11,,en,https://www.cnbc.com/2022/12/15/ukraine-war-live-updates-latest-news-on-russia-and-the-war-in-ukraine.html,US Ukraine Patriot,1,0
Sister Wives ' Meri Brown Confirms Her 32-Year-Marriage to Kody is Over: 'He Made the Decision' - Yahoo Entertainment,15/12/2022 23:11,,en,https://people.com/tv/sister-wives-meri-brown-confirms-kody-split/,,2,0.3
2 children died from severe strep since November amid rise in hospitalizations - 9NEWS,15/12/2022 23:11,,en,https://www.youtube.com/watch?v=3SCpR_a8waw,strep  ,1,
WATCH LIVE: Pelosi holds news briefing in final weeks of her term as speaker of the house - PBS NewsHour,15/12/2022 23:11,,en,https://www.youtube.com/watch?v=f-LODthVhII,,2,0.4
"Fantasy Football Rankings for Week 15, 2022: Model says start Christian Watson, sit Mike Evans - CBS Sports",15/12/2022 23:11,,en,https://www.cbssports.com/fantasy/football/news/fantasy-football-rankings-for-week-15-2022-model-says-start-christian-watson-sit-mike-evans/,,2,
Home flipping profits drop at the fastest pace in over a decade - CNBC,15/12/2022 23:20,,en,https://www.cnbc.com/2022/12/15/home-flipping-profits-drop-at-fastest-pace-in-over-a-decade.html,home flipping,1,0.1
A plasma physicist explains what's next after this week's nuclear fusion breakthrough - The Verge,15/12/2022 23:20,,en,https://www.theverge.com/2022/12/15/23510819/nuclear-fusion-ignition-breakthrough-physicist-tammy-ma,nuclear fusion,3,0.1
Cramer picks favorite down-and-out stock for 2023 and calls a bottom on another name - CNBC,15/12/2022 23:20,,en,https://www.cnbc.com/2022/12/15/cramer-disney-favorite-down-and-out-stock-calls-salesforce-bottom.html,stocks,2,0.1
Mortgage rates drop for fifth week in a row - CNN,15/12/2022 23:20,,en,https://www.cnn.com/2022/12/15/homes/mortgage-rates-december-15/index.html,mortgage rate,3,0
Sam Bankman-Fried’s family reportedly called prison to request vegan meals - New York Post ,15/12/2022 23:20,,en,https://nypost.com/2022/12/15/sam-bankman-frieds-family-requested-jail-serve-him-vegan-food-report/,Sam Bankman,2,0.2
November Retail Sales and Manufacturing Declines Point to Slowing Economy - The Wall Street Journal,15/12/2022 23:20,,en,https://www.wsj.com/articles/us-economy-retail-sales-november-2022-11671059629,economy,1,0
"Tesla stock price largely based on 'hype' and 'pixie dust,' venture capitalist says - Yahoo Finance",15/12/2022 23:20,,en,https://finance.yahoo.com/news/tesla-stock-price-largely-based-on-hype-and-pixie-dust-venture-capitalist-says-191915626.html,Tesla,1,0.2
"The Fed is tightening way too much, says Wharton's Jeremy Siegel - CNBC Television",15/12/2022 23:20,,en,https://www.youtube.com/watch?v=TLQUii8V9S8,Fed,1,0
How the Federal Reserve flawlessly curbed inflation in the ’90s - Vox.com,15/12/2022 23:20,,en,https://www.vox.com/policy-and-politics/2022/12/15/23508155/federal-reserve-inflation-recession-soft-landing,Fed,3,0
Swiss central bank lifts interest rates by 50 basis points to counter 'further spread of inflation' - CNBC,15/12/2022 23:20,,en,https://www.cnbc.com/2022/12/15/swiss-central-bank-hikes-interest-rates-by-50-basis-points-to-counter-further-spread-of-inflation.html,inflation Swiss bank,2,0
"Nearly half of young adults are living at home with their parents, spending more on luxury goods: report - Fox Business",15/12/2022 23:20,,en,https://www.foxbusiness.com/markets/nearly-half-young-adults-living-home-parents-spending-more-luxury-goods-report,young adults,2,0
"23% of Americans think real estate is the best way to build wealth, but only 12% bought in 2022 - CNBC",15/12/2022 23:20,,en,https://www.cnbc.com/2022/12/15/americans-say-real-estate-is-best-way-to-build-wealth.html,real estate,3,0
FTX ally warned authorities days before Bankman-Fried arrest - The Guardian,15/12/2022 23:20,,en,https://www.theguardian.com/business/2022/dec/15/ftx-warned-before-sam-bankman-fried-arrest,FTX,1,0
5 things to know before the stock market opens Thursday - CNBC,15/12/2022 23:20,,en,https://www.cnbc.com/2022/12/15/5-things-to-know-before-the-stock-market-opens-thursday-december-16.html,stocks,2,0
Read the full memo CZ sent to staff after $1B withdrawn from Binance - Business Insider,15/12/2022 23:20,,en,https://www.businessinsider.com/cz-binance-crypto-winter-read-full-memo-sent-to-staff-2022-12,Binance,2,0.1
Roblox shares sink after November update shows slowing growth - CNBC,15/12/2022 23:20,,en,https://www.cnbc.com/2022/12/15/roblox-stock-sinks-after-november-update-shows-slowing-growth.html,Roblox,1,0
"American preps overhauled award charts, says goodbye to saver redemptions - The Points Guy",15/12/2022 23:20,,en,https://thepointsguy.com/news/american-airlines-overhauled-award-charts/,,2,0
Exclusive: ChatGPT owner OpenAI projects $1 billion in revenue by 2024 - Reuters,15/12/2022 23:20,,en,https://www.reuters.com/business/chatgpt-owner-openai-projects-1-billion-revenue-by-2024-sources-2022-12-15/,ChaptGPT,3,0
"No 'pivot' in inflation fight, but central bankers are easing up - CNN",15/12/2022 23:20,,en,https://www.cnn.com/2022/12/15/economy/bank-of-england-european-central-bank/index.html,central bank,2,0
UK interest rates raised to highest level for 14 years - BBC,15/12/2022 23:20,,en,https://www.bbc.com/news/business-63977963,interest rate,1,0
Tesla investor calls for a new CEO as as Musk shift focus to Twitter - Markets Insider,15/12/2022 23:20,,en,https://markets.businessinsider.com/news/stocks/tesla-investor-koguan-leo-new-ceo-elon-musk-twitter-focus-2022-12,Tesla,1,0
Housing market predictions: Six experts weigh in on the real estate outlook in 2023 - USA TODAY,15/12/2022 23:20,,en,https://www.usatoday.com/story/money/personalfinance/real-estate/2022/12/15/housing-market-six-experts-2023-real-estate-industry/10881757002/,housing market,2,0.1
Binance CEO Zhao brushes off $2.1 billion FTX clawback concerns - CNBC,15/12/2022 23:20,,en,https://www.cnbc.com/2022/12/15/binance-ceo-changpeng-cz-zhao-brushes-off-2-billion-ftx-clawback-concerns-fraud.html,Binance,2,0
Bitcoin retraces intraday gains as bears aim to pin BTC price under $18K - Cointelegraph,15/12/2022 23:20,,en,https://cointelegraph.com/news/bitcoin-retraces-intraday-gains-as-bears-aim-to-pin-btc-price-under-18k,Bitcoin,1,0
NYSEG ‘not surprised’ customers are not happy with company - WBNG,15/12/2022 23:20,,en,https://www.wbng.com/2022/12/14/nyseg-not-surprised-customers-are-not-happy-with-company/,NYSEG,1,0
B. RILEY FINANCIAL ISSUES OPEN LETTER TO CORE SCIENTIFIC INVESTORS - PR Newswire,15/12/2022 23:20,,en,https://www.prnewswire.com/news-releases/b-riley-financial-issues-open-letter-to-core-scientific-investors-301703337.html,,,
Goldman Sachs weighs bonus cut of at least 40% at investment bank - Financial Times,15/12/2022 23:20,,en,https://www.ft.com/content/5580a9c7-c7bd-40ba-9212-ea83d4c7aa0b,Goldman Sachs,1,0
"Cathie Wood Boosts Tesla, Coinbase Holdings on Dip-Buying Binge - Yahoo Finance",15/12/2022 23:20,,en,https://finance.yahoo.com/news/cathie-wood-boosts-tesla-coinbase-042204990.html,Tesla,3,0
Union Pacific railroad shipping limits generate complaints - Yahoo News,15/12/2022 23:20,,en,https://news.yahoo.com/regulators-shippers-complain-ups-shipping-001552441.html,Union Pacfici,1,0
Taco Bell may add fries to its menu permanently to compete with McDonald's - CNN,15/12/2022 23:20,,en,https://www.cnn.com/2022/12/14/business/taco-bell-fries/index.html,Taco Bell,2,0
OpenAI’s ChatGPT is a fascinating glimpse into the scary power of AI - Vox.com,15/12/2022 23:20,,en,https://www.vox.com/future-perfect/2022/12/15/23509014/chatgpt-artificial-intelligence-openai-language-models-ai-risk-google,ChatGPT,1,0
"Exclusive-U.S. to remove some Chinese entities from red flag list soon, U.S. official says - Yahoo Finance",15/12/2022 23:20,,en,https://finance.yahoo.com/news/exclusive-u-remove-chinese-entities-163244731.html,US China,3,0
The Fed's Inflation Battle Isn't Over Yet - Barron's,15/12/2022 23:20,,en,https://www.barrons.com/articles/recession-federal-reserve-outlook-2023-51670970047,Fed inflation,1,0
Moderna Soared on News of Cancer Vaccine. Why One Analyst Downgraded the Stock. - Barron's,15/12/2022 23:20,,en,https://www.barrons.com/articles/moderna-stock-cancer-downgrade-51671029048,Moderna,1,0.2
"Exclusive: ECB sees inflation above target through 2025, source says - Reuters",15/12/2022 23:20,,en,https://www.reuters.com/markets/europe/ecb-sees-inflation-above-target-through-2025-source-says-2022-12-14/,ECB inflation,2,0.1
Powell says Fed will not change 2% inflation goal - Reuters,15/12/2022 23:20,,en,https://www.reuters.com/markets/us/powell-says-fed-will-not-change-2-inflation-goal-2022-12-14/,Fed,2,0
2023 Prius Looks Like a Hit. Toyota Still Doesn't Expect to Sell That Many - Road & Track,15/12/2022 23:20,,en,https://www.roadandtrack.com/news/a42231906/toyota-doesnt-expect-to-sell-many-more-prius/,Prius Toyota,2,0.1
Delta expects 2023 earnings to nearly double thanks to 'robust' travel demand - CNBC,15/12/2022 23:20,,en,https://www.cnbc.com/2022/12/14/delta-2023-earnings-forecast-sees-robust-travel-demand.html,Delta,3,0
The market calls the Fed's bluff - ForexLive,15/12/2022 23:20,,en,https://www.forexlive.com/news/the-market-calls-the-feds-bluff-20221214/,Fed,1,0.1
Detect Inc. COVID tests recalled for potential false negative results - USA TODAY,15/12/2022 23:20,,en,https://www.usatoday.com/story/money/2022/12/14/detect-inc-covid-tests-recall/10895593002/,Covid test,1,0
Oil Slips On Large U.S. Inventory Build - OilPrice.com,15/12/2022 23:20,,en,https://oilprice.com/Energy/Crude-Oil/Oil-Slips-On-Large-US-Inventory-Build.html,,,
Elon Musk loses title of world’s richest person to Bernard Arnault - The Guardian,15/12/2022 23:20,,en,https://www.theguardian.com/technology/2022/dec/14/elon-musk-loses-title-of-worlds-richest-person-to-bernard-arnault,Elon Musk,1,0
MetaMask to allow users to purchase and transfer Ethereum via PayPal - Cointelegraph,15/12/2022 23:20,,en,https://cointelegraph.com/news/metamask-to-allow-users-to-purchase-and-transfer-ethereum-via-paypal,PayPal Ethereum MetaMask,3,0
Why United Airlines stock fell 7% despite massive Boeing deal - Yahoo Finance,15/12/2022 23:20,,en,https://finance.yahoo.com/news/why-united-airlines-stock-fell-7-despite-massive-boeing-deal-111532341.html,United Airlines,1,0
HSBC to stop new oil and gas project funding after backlash - Financial Times,15/12/2022 23:20,,en,https://www.ft.com/content/5ba4b75f-bbd8-4b3d-b962-60126754e2fa,HSBC,1,0
Tech Sell-Off: 1 Top Growth Stock Down 71% to Buy Before It Starts Soaring - The Motley Fool,15/12/2022 23:20,,en,https://www.fool.com/investing/2022/12/14/tech-sell-off-1-top-growth-stock-down-71-to-buy-be/,Tech stocks,1,0.5
Two N.J. hospitals would unite in state’s latest merger plan - NJ.com,15/12/2022 23:20,,en,https://www.nj.com/business/2022/12/two-nj-hospitals-would-unite-in-states-latest-merger-plan.html,NJ hospitals,2,0
"1,500 new jobs coming to South Carolina in what leaders are calling 'largest economic development' ever - WLTX.com",15/12/2022 23:20,,en,https://www.wltx.com/article/news/local/redwood-materials-electronic-batteries-south-carolina/101-fe842863-1ec0-49ba-b531-eacc925e89c7,South Carolina,3,0
Inflation Isn't Vanquished Yet - WSJ - The Wall Street Journal,15/12/2022 23:20,,en,https://www.wsj.com/articles/inflation-isnt-vanquished-yet-consumer-price-index-jay-powell-federal-reserve-11670970454,Inflation,1,0.1
Flu and RSV arrived earlier and hit harder this year. Could COVID be to blame? - The Boston Globe,15/12/2022 23:42,,en,https://www.bostonglobe.com/2022/12/14/metro/flu-rsv-arrived-earlier-hit-harder-this-year-could-covid-be-blame/,Covid flu,1,0.1
An Expert Explains How to Ease The Discomfort of Phantom Ringing Noises - ScienceAlert,15/12/2022 23:42,,en,https://www.sciencealert.com/an-expert-explains-how-to-ease-the-discomfort-of-phantom-ringing-noises,Ringing noise,2,0.1
Olfactory Viral Inflammation Associated With Accelerated Onset of Alzheimer’s Disease - Neuroscience News,15/12/2022 23:42,,en,https://neurosciencenews.com/olfactory-inflammation-alzheimers-22077/,Alzheimer's,2,0
"The Most Current COVID Symptoms in 2022, According to a New Study - Prevention Magazine",15/12/2022 23:42,,en,https://www.prevention.com/health/a42243112/current-covid-symptoms-2022/,Covid,2,0
Patients With Treatment Resistant Depression at Higher Risk of Death - Neuroscience News,15/12/2022 23:42,,en,https://neurosciencenews.com/death-treatment-resistant-depression-22079/,,,
"Two years after Covid vaccines rolled out, researchers are calling for newer, better options - msnNOW",15/12/2022 23:42,,en,https://www.nbcnews.com/health/health-news/two-years-covid-vaccines-rcna57902,Covid vaccines,1,0
Recurrent repeat expansions in human cancer genomes - Nature.com,15/12/2022 23:42,,en,https://www.nature.com/articles/s41586-022-05515-1,cancer,2,0
"Parkinson's disease more common than previously thought, study shows - USA TODAY",15/12/2022 23:42,,en,https://www.usatoday.com/story/news/health/2022/12/15/parkinsons-disease-more-common-than-previously-thought-study-shows/10885011002/,Parkinson's,1,0
"Strep A: Boy, 5, who died of infection in Britain's growing outbreak was misdiagnosed with flu - Daily Mail",15/12/2022 23:42,,en,https://www.dailymail.co.uk/health/article-11536725/Strep-Boy-5-died-infection-Britains-growing-outbreak-misdiagnosed-flu.html,Strep A UK,1,0
2-year-old hospitalized with RSV spent 8 days on ventilator - ABC News,15/12/2022 23:42,,en,https://abcnews.go.com/Health/2-year-hospitalized-rsv-spent-8-days-ventilator/story?id=95218693,RSV,1,0
Brain Stimulation Could Help Treat Alzheimer’s Disease - Neuroscience News,15/12/2022 23:42,,en,https://neurosciencenews.com/dbs-alzheimers-22080/,Alzheimer's,3,0.1
Is it too late to get a flu shot? We asked the experts. - SFGATE,15/12/2022 23:42,,en,https://www.sfgate.com/bayarea/article/still-time-for-flu-shot-17654832.php,flu,1,0.4
Canine flu: What to know to protect your dog - The Washington Post,15/12/2022 23:42,,en,https://www.washingtonpost.com/wellness/2022/12/15/canine-flu-outbreak-faq/,flu,2,0
Bizarre new study proposes living inside asteroids - Daily Mail,15/12/2022 23:53,,en,https://www.dailymail.co.uk/sciencetech/article-11541353/Bizarre-new-study-proposes-living-inside-asteroids.html,asteroids,3,0.7
SpaceX delays launch of NASA's SWOT satellite to Friday - Space.com,15/12/2022 23:53,,en,https://www.space.com/spacex-swot-satellite-launch-delay-rocket-issue,SpaceX NASA,1,0
"Religion is not the factor that most influences rejection of evolutionary theory in schools, study says - Phys.org",15/12/2022 23:53,,en,https://phys.org/news/2022-12-religion-factor-evolutionary-theory-schools.html,evolutionary theory religion,3,0
"SpaceX double launch could set record: Date, time, weather info set - USA TODAY",15/12/2022 23:53,,en,https://www.usatoday.com/story/news/nation/2022/12/15/spacex-double-launch-date-time/10901308002/,SpaceX  ,3,0.1
Everything NASA is taking to the moon before colonizing Mars - Engadget,15/12/2022 23:53,,en,https://www.engadget.com/nasa-artemis-program-explained-moon-mars-colonization-video-143013129.html,NASA,3,0.1
Gravitas: Nasa spacecraft to visit most volcanic world in solar system - WION,16/12/2022 09:23,,en,https://www.youtube.com/watch?v=-9QLyQoPK_8,NASA,3,0
College football bowl picks: Predictions for every postseason game through the playoff - USA TODAY,16/12/2022 09:23,,en,https://www.usatoday.com/story/sports/ncaaf/2022/12/15/college-football-picks-postseason-through-playoff-matchup/10865371002/,,,
Scientists may have found the first water worlds - Ars Technica,16/12/2022 09:23,,en,https://arstechnica.com/science/2022/12/scientists-revisit-kepler-findings-learn-two-planets-are-water-worlds/,water planets,2,0.4
Aaron Dean found guilty of manslaughter in 2019 killing of Atatiana Jefferson - CBS News,16/12/2022 09:23,,en,https://www.cbsnews.com/news/aaron-dean-guilty-manslaughter-atatiana-jefferson-2019-killing/,Aaron Dean,1,0
Schumer and Pelosi say Biden should run in 2024 - CNN,16/12/2022 09:23,,en,https://www.cnn.com/2022/12/15/politics/schumer-pelosi-interview/index.html,Biden,3,0
Ex-Friend Gives Testimony On 2020 Shooting Of Megan Thee Stallion - NBC News,16/12/2022 09:23,,en,https://www.youtube.com/watch?v=YqLtfDFMKn4,,,
"MacKenzie Scott reveals details of her $14bn in donations to 1,600 non-profits - The Guardian",16/12/2022 09:23,,en,https://www.theguardian.com/society/2022/dec/15/mackenzie-scott-billionaire-donations-non-profits,MacKenzie Scott,3,0
Intermittent Fasting Completely Reverses Type 2 Diabetes in Study - SciTechDaily,16/12/2022 09:23,,en,https://scitechdaily.com/intermittent-fasting-completely-reverses-type-2-diabetes-in-study/,Intermittent fasting,2,0.1
Oppo says its Find N2 is the 'lightest horizontally folding phone' - Engadget,16/12/2022 09:23,,en,https://www.engadget.com/oppo-find-n2-flip-foldable-phone-pricing-availability-101858317.html,Oppo,3,0
iPhone update: Apple releases iOS 16.2 with major new security changes - The Independent,16/12/2022 09:23,,en,https://www.independent.co.uk/tech/iphone-update-apple-ios-16-download-security-b2245317.html,iOS Apple,3,0
Stephen Curry out indefinitely with left shoulder subluxation sustained vs. Pacers - Yahoo Sports,16/12/2022 09:23,,en,https://sports.yahoo.com/stephen-curry-out-indefinitely-with-left-shoulder-subluxation-sustained-vs-pacers-223649260.html,Stepehn Curry,1,0
Three men get longest prison sentences to date in Whitmer kidnapping plot - Detroit News,16/12/2022 09:23,,en,https://www.detroitnews.com/story/news/local/michigan/2022/12/15/three-men-sentenced-in-michigan-gov-whitmer-kidnapping-plot/69709773007/,,,
Russia: US air defense systems could be targets in Ukraine - The Associated Press,16/12/2022 09:23,,en,https://apnews.com/eed3a0fc72e8197182e78dcc73ade45e,US Russia,1,0
Harvard names Claudine Gay as the first Black president of university - The Guardian,16/12/2022 09:23,,en,https://www.theguardian.com/education/2022/dec/15/harvard-claudine-gay-first-black-president,Harvard,2,0
Invasive strep A among children being investigated by CDC after UK reports several deaths - FOX 4 Dallas-Fort Worth,16/12/2022 09:23,,en,https://www.youtube.com/watch?v=Mbfx6I6hCZc,Strep A UK,1,0
Stephen 'tWitch' Boss' Cause of Death Confirmed - Entertainment Tonight,16/12/2022 09:23,,en,https://www.youtube.com/watch?v=d67cLclMZVI,,,
"T.J. Holmes, Amy Robach walk arm-in-arm after date amid 'GMA3' affair drama - Page Six",16/12/2022 09:23,,en,https://pagesix.com/2022/12/15/t-j-holmes-amy-robach-smile-after-date-amid-gma3-affair-drama/,,,
"Senate passes defense bill that arms U.S. allies, ends vaccine mandate - The Washington Post",16/12/2022 09:23,,en,https://www.washingtonpost.com/national-security/2022/12/15/senate-defense-bill-covid-vaccine-mandate/,,,
FTX insider alerted Bahamian authorities before Sam Bankman-Fried arrest - Yahoo Finance,16/12/2022 09:23,,en,https://www.youtube.com/watch?v=nuWXrZ8J48s,FTX,1,0
Congress votes to remove bust of chief justice who authored Dred Scott decision - Fox News,16/12/2022 09:23,,en,https://www.foxnews.com/politics/congress-votes-remove-bust-chief-justice-authored-dred-scott-decision,,,
Senate passes stopgap bill to avert shutdown at end of the week - CNN,16/12/2022 09:23,,en,https://www.cnn.com/2022/12/15/politics/government-funding-senate-vote/index.html,US shutdown,3,0
Peru's ex-president Castillo to be jailed for 18 months as protesters declare 'insurgency' - CNN,16/12/2022 09:23,,en,https://www.cnn.com/2022/12/15/americas/peru-castillo-detention-intl-latam/index.html,Peru Castillo,1,0
"New York bans retail sale of dogs, cats, rabbits - FOX 5 New York",16/12/2022 09:23,,en,https://www.fox5ny.com/news/new-york-bans-retail-sale-of-dogs-cats-rabbits,New York,2,0
Sister Wives' Meri Brown Confirms Breakup With Kody Brown - E! NEWS,16/12/2022 09:23,,en,https://www.eonline.com/news/1358522/sister-wives-meri-brown-confirms-breakup-with-kody-brown,,,0.5
'Rail cars' of material released after NASA spacecraft hit asteroid - CNN,16/12/2022 09:23,,en,https://www.cnn.com/2022/12/15/world/dart-mission-momentum-results-scn/index.html,NASA,,0.3
San Francisco 49ers clinch NFC West with victory in Seattle - ESPN,16/12/2022 09:23,,en,https://www.espn.com/nfl/story/_/id/35261741/san-francisco-49ers-clinch-nfc-west-victory-seattle,,,
Amazon Games to publish new Tomb Raider title for multiple platforms - Gematsu,16/12/2022 09:23,,en,https://www.gematsu.com/2022/12/amazon-games-to-publish-new-tomb-raider-title-for-multiple-platforms,Amazon Tomb Raider,3,0.2
"Musk suspends journalists from Twitter, claims 'assassination' danger - The Washington Post",16/12/2022 09:23,,en,https://www.washingtonpost.com/media/2022/12/15/twitter-journalists-suspended-musk/,Twitter Musk,1,0
"Carlos Rodón signing: The Yankees' rotation, led by ace Gerrit Cole, has huge upside and huge question marks - CBS Sports",16/12/2022 09:23,,en,https://www.cbssports.com/mlb/news/carlos-rodon-signing-the-yankees-rotation-led-by-ace-gerrit-cole-has-huge-upside-and-huge-question-marks/,,,
Ukraine war: Kyiv says Russia planning major ground offensive in new year - BBC,16/12/2022 09:23,,en,https://www.bbc.com/news/world-europe-63995244,Ukraine Russia  ,1,0
"Malaysia landslide kills 12 at campsite, more than 20 missing - Reuters",16/12/2022 09:23,,en,https://www.reuters.com/world/asia-pacific/around-100-people-feared-trapped-malaysia-landslide-fire-department-2022-12-15/,Malaysia landslide,1,0
Heavy metals found in dark chocolate including Hershey's and Trader Joe's - CBS News,16/12/2022 09:23,,en,https://www.cbsnews.com/news/dark-chocolate-metals-lead-consumer-reports-hersheys-trader-joes/,dark chocolate,1,0
US regulators gain access to audits of Chinese companies - Financial Times,16/12/2022 09:23,,en,https://www.ft.com/content/2dcc601a-2299-49b0-9f83-c0d4d6be2e84,US China,3,0
Stocks Bulls Losing Support as $4 Trillion of Options Set to Expire - Yahoo Finance,16/12/2022 09:23,,en,https://finance.yahoo.com/news/stocks-bulls-losing-support-4-000000383.html,stocks,1,0
"Stocks making the biggest moves midday: Netflix, Snap, Warner Bros. Discovery, AT&T, Novavax and more - CNBC",16/12/2022 09:23,,en,https://www.cnbc.com/2022/12/15/stocks-making-the-biggest-moves-midday-netflix-snap-warner-bros-discovery-att-novavax-and-more-.html,Stocks,2,0
"Elon Musk's Twitter bans accounts of CNN, NYT, WaPo journalists - CNN",16/12/2022 09:23,,en,https://www.cnn.com/2022/12/15/media/twitter-musk-journalists-hnk-intl/index.html,Twitter Musk,1,0
California and the Midwest face 'high risk' of electricity shortages in next five years - CNBC,16/12/2022 09:23,,en,https://www.cnbc.com/2022/12/15/california-midwest-at-high-risk-of-electricity-shortages-nerc.html,Californa electricity shortage,1,0
"Retail stocks including Macy's, Target get smoked as markets tank after retail sales miss - Yahoo Finance",16/12/2022 09:23,,en,https://finance.yahoo.com/news/retail-stocks-including-macys-target-get-smoked-as-markets-tank-after-retail-sales-miss-175643879.html,Retail stocks,1,0
"TikTok may push potentially harmful content to teens within minutes, study finds - CNN",16/12/2022 09:23,,en,https://www.cnn.com/2022/12/15/tech/tiktok-teens-study-trnd/index.html,TikTok,1,0
"Tesla selling in the short-term is a good time to buy, says EMJ's Eric Jackson - CNBC Television",16/12/2022 09:23,,en,https://www.youtube.com/watch?v=V8h1ob6rMYI,Tesla,2,0
Chartmaster: Where rates are headed after the Fed - CNBC Television,16/12/2022 09:23,,en,https://www.youtube.com/watch?v=oLJ7G8ceLEU,Fed,2,0
Ex-FTX CEO Bankman-Fried says he was just distracted. Feds disagree. - The Washington Post,16/12/2022 09:23,,en,https://www.washingtonpost.com/business/2022/12/15/sbf-fraud-docs/,FTX,1,0
"After $700 billion drop, angry Tesla investors say Elon Musk has ""abandoned"" them - CBS News",16/12/2022 09:23,,en,https://www.cbsnews.com/news/elon-musk-tesla-down-700-billion-in-value-angry-investors/,Tesla,1,0
Cramer's lightning round: You can pick up some shares of IBM on Friday - CNBC,16/12/2022 09:23,,en,https://www.cnbc.com/2022/12/15/cramers-lightning-round-you-can-pick-up-some-shares-of-ibm-on-friday.html,shares,3,0
Majority of states call on Supreme Court to review constitutionality of CFPB funding - Yahoo! Voices,16/12/2022 09:23,,en,https://thehill.com/regulation/court-battles/3776771-majority-of-states-call-on-supreme-court-to-review-constitutionality-of-cfpb-funding/,,,
Ed Yardeni on recession fears: The economy will prove to be remarkably resilient - CNBC Television,16/12/2022 09:23,,en,https://www.youtube.com/watch?v=jbcSUjY0vQ4,recession,3,0
Taco Bell is testing two new Mexican Pizza varieties - CNN,16/12/2022 09:23,,en,https://www.cnn.com/2022/12/15/business/taco-bell-mexican-pizza-test/index.html,Taco Bell,3,0
Ford hikes price of cheapest F-150 electric truck variant to nearly $56000 - Reuters,16/12/2022 09:23,,en,https://www.reuters.com/business/autos-transportation/ford-hikes-price-cheapest-f-150-electric-truck-variant-nearly-56000-2022-12-15/,Ford,1,0
"Gold, silver hit hard by hawkish Fed, surge in greenback - Kitco NEWS",16/12/2022 09:23,,en,https://www.kitco.com/news/2022-12-15/Gold-silver-hit-hard-by-hawkish-Fed-surge-in-greenback.html,Fed,1,0
SF Boba Guys closes original location after controversy - SFGATE,16/12/2022 09:23,,en,https://www.sfgate.com/food/article/san-francisco-boba-guys-closes-17656641.php,Boba Guys,1,0
Kevin O'Leary: It Looks Like War and CZ Won; SBF 'Innocent' Until Proven Guilty - Stansberry Research,16/12/2022 09:23,,en,https://www.youtube.com/watch?v=poPtJfVGktw,,,
California cuts payments to homeowners for solar panels feeding energy back to the grid - CNBC,16/12/2022 09:23,,en,https://www.cnbc.com/2022/12/15/california-lowers-solar-energy-incentives-for-homeowners.html,California,1,0
American Airlines Follows Delta In Making Change Flyers Will Hate - TheStreet,16/12/2022 09:23,,en,https://www.thestreet.com/investing/american-airlines-follows-delta-in-making-change-flyers-will-hate,American Airlines,1,0.6
Damaged fiber cables repaired; AT&T services restored in Southwest Louisiana - KPLC,16/12/2022 09:23,,en,https://www.kplctv.com/2022/12/15/att-outages-reported-around-southwest-louisiana/,AT&T,3,0
Sioux Falls restaurant pays damages for wage theft - KELOLAND.com,16/12/2022 09:23,,en,https://www.keloland.com/news/local-news/sioux-falls-restaurant-pays-damages-for-wage-theft/,,,
"AbbVie opts out of industry trade groups PhRMA, BIO plus Business Roundtable - Endpoints News",16/12/2022 09:23,,en,https://endpts.com/abbvie-opts-out-of-industry-trade-groups-phrma-bio-plus-business-roundtable/,,,
Electric vehicles confront the leap to the mass market - Reuters,16/12/2022 09:23,,en,https://www.reuters.com/business/autos-transportation/electric-vehicles-confront-leap-mass-market-2022-12-15/,Electric vehicles,3,0
These lawmakers probing FTX's collapse got donations from Sam Bankman-Fried and cronies - New York Post ,16/12/2022 09:23,,en,https://nypost.com/2022/12/15/these-lawmakers-probing-ftx-got-donations-from-bankman-fried-and-cronies/,FTX,1,0
Futures: Nasdaq Breaks Key Level; Here's The Silver Lining - Investor's Business Daily,16/12/2022 09:23,,en,https://www.investors.com/market-trend/stock-market-today/dow-jones-futures-nasdaq-breaks-key-level-apple-dives-here-is-the-silver-lining/,stocks,3,0.1
Adobe stock climbs on a more profitable quarter than predicted - CNBC,16/12/2022 09:23,,en,https://www.cnbc.com/2022/12/15/adobe-adbe-earnings-q4-2022.html,Adobe,3,0
Netflix stock sinks after reported ad target miss as analysts warn of 'competitive disadvantage' - Yahoo Finance,16/12/2022 09:23,,en,https://finance.yahoo.com/news/netflix-stock-sinks-after-reported-ad-target-miss-as-analysts-warn-of-competitive-disadvantage-154853513.html,Netflix,1,0
ECB raises rates to 2% and warns of more increases to come - Financial Times,16/12/2022 09:23,,en,https://www.ft.com/content/c76d26a3-b103-49a3-92fe-ff50f8c9ac72,ECB inflation,1,0
